"St Ann","MO","Saint Robert","10416","63074","63","0","Full, Partially Finished, Poured Concrete, Rec/Family Area","2.00","43","St Louis","Central-Electric","43","Conventional","1","Gas","GSTL","114999.00","","Private","112500.00","8/5/2011 12:00:00 AM","112500.00","Cash, Conventional, FHA, VA","Sold","8/18/2011 12:00:00 AM","3.00","5/23/2011 12:00:00 AM"
"St Louis","MO","Tennyson","2813","63114","73","0","Full","1.00","110","St Louis","Other","110","Cash","0","Gas","GSTL","10000.00","","Bank","9500.00","11/18/2011 12:00:00 AM","9500.00","Cash","Sold","11/23/2011 12:00:00 AM","3.00","7/28/2011 12:00:00 AM"
"St Louis","MO","Midland","9601","63114","65","0","Space/Crawl or Other","1.00","74","St Louis","Central-Electric","74","Cash","0","Gas","GSTL","9500.00","","Bank","9500.00","12/23/2011 12:00:00 AM","9500.00","Cash, Conventional","Sold","12/29/2011 12:00:00 AM","3.00","9/19/2011 12:00:00 AM"
"St Louis","MO","Bristol","9419","63114","79","","Full, Walk-Out","1.00","27","St Louis","Central-Electric","27","Cash","0","Gas","GSTL","7900.00","","Bank","10150.00","4/6/2012 12:00:00 AM","10150.00","Cash, Conventional","Sold","4/11/2012 10:06:32 AM","2.00","2/9/2012 12:00:00 AM"
"St Louis","MO","Tudor","9436","63114","84","0","None","1.00","19","St Louis","Central-Electric","4","Cash","0","Gas","GSTL","11000.00","","Bank","11550.00","11/16/2011 12:00:00 AM","11550.00","Cash, Conventional","Sold","11/17/2011 12:00:00 AM","2.00","10/7/2011 12:00:00 AM"
"Overland","MO","Pasteur","2715","63114","87","0","Full","1.00","21","St Louis","Other","21","Cash","0","Other","GSTL","12900.00","","Bank","12000.00","1/4/2012 12:00:00 AM","12000.00","Cash, Conventional","Sold","1/5/2012 12:00:00 AM","1.00","11/14/2011 12:00:00 AM"
"Breckenridge Hills","MO","Baltimore","9682","63114","60","0","Space/Crawl or Other","1.00","22","St Louis","Central-Electric","22","Cash","2","Gas","GSTL","29900.00","","Private","12000.00","2/3/2012 12:00:00 AM","12000.00","Cash, Conventional","Sold","2/8/2012 7:34:05 PM","2.00","1/1/2011 12:00:00 AM"
"St Louis","MO","ANNAPOLIS","2802","63114","64","","Full, Walk-Out","1.00","46","St Louis","Other","46","Cash","0","Other","GSTL","8000.00","","Government","12000.00","3/30/2012 12:00:00 AM","12000.00","Cash","Sold","4/3/2012 12:51:04 PM","2.00","2/17/2012 12:00:00 AM"
"St Louis","MO","Airway","3024","63114","82","0","Full","1.00","112","St Louis","Other","112","Cash","1","Other","GSTL","15000.00","","Bank","12200.00","12/16/2011 12:00:00 AM","12200.00","Cash, Conventional","Sold","12/22/2011 12:00:00 AM","2.00","8/9/2011 12:00:00 AM"
"Breckenridge Hills","MO","Foster","9715","63114","91","0","Full, Walk-Out","2.00","116","St Louis","Central-Electric","116","Cash","0","Gas","GSTL","18200.00","","Private","12500.00","4/12/2012 12:00:00 AM","12500.00","Cash, Conventional","Sold","4/19/2012 4:34:19 PM","3.00","11/18/2011 12:00:00 AM"
"St Ann","MO","Chaucer","3312","63074","64","0","None","1.00","55","St Louis","Other","55","Cash","1","Gas","GSTL","12500.00","","Bank","12800.00","9/15/2011 12:00:00 AM","12800.00","Cash, Conventional","Sold","9/19/2011 12:00:00 AM","2.00","7/7/2011 12:00:00 AM"
"Maryland Heights","MO","Sims","2665","63114","83","0","Full","1.00","35","St Louis","Other","35","Cash","0","Other","GSTL","18900.00","","Private","14500.00","8/15/2011 12:00:00 AM","14500.00","Cash, Conventional","Sold","9/1/2011 12:00:00 AM","3.00","6/20/2011 12:00:00 AM"
"Overland","MO","Pasteur","2711","63114","78","0","Full","1.00","30","St Louis","Central-Electric","30","Cash","0","Gas","GSTL","30000.00","","Bank","15000.00","7/21/2011 12:00:00 AM","15000.00","Cash, Conventional","Sold","7/25/2011 12:00:00 AM","2.00","5/23/2011 12:00:00 AM"
"Breckenridge Hills","MO","Airway","3211","63114","84","0","Full","1.00","60","St Louis","Other","60","Cash","0","Other","GSTL","18900.00","","Bank","16000.00","8/31/2011 12:00:00 AM","16000.00","Cash, Conventional","Sold","9/1/2011 12:00:00 AM","3.00","5/27/2011 12:00:00 AM"
"St Louis","MO","Rex","3244","63114","65","","Full, Walk-Out","1.00","35","St Louis","Central-Electric","35","Cash","1","Gas","GSTL","14999.00","","Bank","16200.00","6/21/2012 12:00:00 AM","16200.00","Cash, Conventional","Sold","6/27/2012 12:34:15 PM","2.00","3/7/2012 12:00:00 AM"
"St Louis","MO","De Porres","3022","63114","59","0","None","1.00","9","St Louis","Central-Electric","9","Cash","0","Gas","GSTL","14500.00","","Government","16500.00","1/30/2012 12:00:00 AM","16500.00","Cash, Conventional, FHA","Sold","2/2/2012 9:01:55 AM","2.00","11/25/2011 12:00:00 AM"
"St Louis","MO","Royalton","9754","63114","61","0","Full","2.00","90","St Louis","Other","90","Cash","0","Other","GSTL","14900.00","","Bank","17200.00","11/16/2011 12:00:00 AM","17200.00","Cash, Conventional","Sold","11/17/2011 12:00:00 AM","3.00","4/25/2011 12:00:00 AM"
"Breckenridge Hills","MO","Rex","3221","63114","63","0","Full","1.00","54","St Louis","Central-Electric","54","Cash","0","Gas","GSTL","23900.00","","Bank","18000.00","1/31/2012 12:00:00 AM","18000.00","Cash, Conventional","Sold","2/2/2012 8:11:09 AM","3.00","11/30/2011 12:00:00 AM"
"Breckenridge Hills","MO","Rex","3308","63114","66","0","Full","2.00","225","St Louis","Central-Electric","225","Cash","1","Gas","GSTL","19900.00","","Bank","18101.00","10/11/2011 12:00:00 AM","18101.00","Cash, Conventional","Sold","10/13/2011 12:00:00 AM","3.00","11/29/2010 12:00:00 AM"
"St Louis","MO","Rex","3117","63114","58","0","Full","1.00","69","St Louis","Central-Electric","69","Cash","1","Gas","GSTL","24900.00","","Bank","19000.00","2/3/2012 12:00:00 AM","19000.00","Cash, Conventional","Sold","2/6/2012 11:55:10 AM","2.00","11/12/2011 12:00:00 AM"
"St Louis","MO","Calvert","3101","63114","90","","Full","1.00","45","St Louis","Central-Electric","45","Cash","0","Gas","GSTL","20900.00","","Bank","19500.00","4/30/2012 12:00:00 AM","19500.00","Cash, Conventional","Sold","5/1/2012 11:01:51 AM","3.00","2/28/2012 12:00:00 AM"
"Overland","MO","Rex","3304","63114","64","0","Full","1.00","5","St Louis","Ceiling Fan, Central-Electric","5","Cash","0","Gas","GSTL","9900.00","","Bank","19750.00","1/18/2012 12:00:00 AM","19750.00","Cash, Conventional","Sold","1/20/2012 8:49:46 AM","3.00","12/22/2011 12:00:00 AM"
"St Ann","MO","Glenwood","3133","63074","41","100","Full","2.00","125","St Louis","Other","125","Cash","0","Other","GSTL","29900.00","","Bank","20000.00","2/10/2012 12:00:00 AM","20000.00","Cash, Conventional","Sold","2/13/2012 11:15:30 AM","2.00","9/22/2011 12:00:00 AM"
"St Ann","MO","Westridge","3548","63074","70","0","Full, Walk-Out","1.00","1","St Louis","Central-Electric","1","Cash","1","Gas","GSTL","19900.00","","Private","20000.00","12/30/2011 12:00:00 AM","20000.00","Cash","Sold","1/4/2012 12:00:00 AM","3.00","12/17/2011 12:00:00 AM"
"St Louis","MO","Carlyle","9925","63114","92","","Full, Walk-Out","2.00","28","St Louis","Central-Electric","28","Cash","0","Gas","GSTL","17500.00","","Government","20107.00","6/13/2012 12:00:00 AM","20107.00","Cash, Conventional","Sold","6/14/2012 5:21:31 PM","4.00","4/28/2012 12:00:00 AM"
"St Louis","MO","Calvert","3001","63114","61","0","Full","1.00","88","St Louis","Central-Electric","88","Other","0","Gas","GSTL","25000.00","","Bank","20500.00","7/8/2011 12:00:00 AM","20500.00","Cash, Conventional","Sold","7/12/2011 12:00:00 AM","2.00","3/18/2011 12:00:00 AM"
"Breckenridge Hills","MO","Edmundson","3214","63114","64","0","Concrete Block","0.00","688","St Louis","Central-Electric","688","Cash","0","Gas","GSTL","25500.00","","Private","21000.00","4/3/2012 12:00:00 AM","21000.00","Cash, Conventional, FHA","Sold","4/4/2012 9:04:20 AM","2.00","4/12/2010 12:00:00 AM"
"St Louis","MO","Edmundson","3238","63114","71","0","Full, Partially Finished","1.00","183","St Louis","Central-Electric","28","Cash","0","Gas","GSTL","22900.00","","Bank","22000.00","9/6/2011 12:00:00 AM","22000.00","Cash, Conventional","Sold","9/8/2011 12:00:00 AM","2.00","7/19/2011 12:00:00 AM"
"Breckenridge Hills","MO","Bristol","9431","63114","87","","Full","1.00","53","St Louis","Central-Electric","53","Cash","0","Gas","GSTL","26500.00","","Bank","22000.00","6/7/2012 12:00:00 AM","22000.00","Cash, Conventional","Sold","6/13/2012 3:12:09 PM","2.00","3/22/2012 12:00:00 AM"
"St Louis","MO","Edmundson","3214","63114","64","","Bathroom in LL, Concrete Block","1.00","16","St Louis","Ceiling Fan, Central-Electric, Central-Gas","16","Cash","0","Gas","GSTL","29900.00","","Private","22500.00","5/3/2012 12:00:00 AM","22500.00","Cash, Conventional","Sold","5/3/2012 9:58:58 AM","2.00","4/17/2012 12:00:00 AM"
"St Ann","MO","Breckenridge","10231","63074","60","0","None","1.00","2","St Louis","Central-Electric","2","Cash","1","Gas","GSTL","21000.00","","Bank","23210.00","1/27/2012 12:00:00 AM","23210.00","Cash, Conventional","Sold","1/27/2012 9:26:14 AM","3.00","12/21/2011 12:00:00 AM"
"St Ann","MO","Baltimore","10235","63074","53","0","Full, Poured Concrete, Walk-Out","2.00","50","St Louis","Central-Electric","50","Cash","0","Gas","GSTL","24500.00","","Private","24000.00","11/10/2011 12:00:00 AM","24000.00","Cash, Conventional","Sold","11/14/2011 12:00:00 AM","4.00","4/20/2011 12:00:00 AM"
"Breckenridge Hills","MO","Edmundson","3308","63114","78","","Concrete Block, Walk-Out","1.00","199","St Louis","Central-Electric","39","Cash","1","Gas","GSTL","23900.00","","Bank","24000.00","4/26/2012 12:00:00 AM","24000.00","Cash, Conventional","Sold","4/30/2012 9:21:29 AM","2.00","1/21/2012 12:00:00 AM"
"St Ann","MO","Wismer","3237","63074","60","0","Full","1.00","38","St Louis","Central-Electric","38","Cash","0","Gas","GSTL","49900.00","","Owner by Contract","25000.00","10/10/2011 12:00:00 AM","25000.00","Cash, Conventional, RRM/ARM","Sold","10/10/2011 12:00:00 AM","2.00","8/25/2011 12:00:00 AM"
"St Ann","MO","Baltimore","10227","63074","53","0","Full, Poured Concrete, Walk-Out","3.00","6","St Louis","Other","6","Cash","0","Other","GSTL","24900.00","","Bank","25000.00","1/17/2012 12:00:00 AM","25000.00","Cash, Conventional","Sold","1/18/2012 3:09:50 PM","3.00","12/14/2011 12:00:00 AM"
"St Ann","MO","Saint Marguerite","3661","63074","68","0","Full, Partially Finished, Poured Concrete, Rec/Family Area","1.00","292","St Louis","Central-Electric","188","Cash","1","Gas","GSTL","21700.00","","Government","25100.00","9/21/2011 12:00:00 AM","25100.00","Cash, Conventional, FHA, VA","Sold","9/21/2011 12:00:00 AM","2.00","12/16/2010 12:00:00 AM"
"St Louis","MO","Wismer","3002","63114","47","0","Full","1.00","7","St Louis","Central-Electric","7","Cash","0","Gas","GSTL","25000.00","","Government","26000.00","11/3/2011 12:00:00 AM","26000.00","Cash, Conventional","Sold","11/7/2011 12:00:00 AM","3.00","9/20/2011 12:00:00 AM"
"St Ann","MO","Saint Mark","3469","63074","66","0","Full","2.00","37","St Louis","Central-Electric","37","Cash","0","Gas","GSTL","33000.00","","Government","27000.00","3/14/2012 12:00:00 AM","27000.00","Cash, Conventional","Sold","3/14/2012 12:36:03 PM","2.00","1/4/2012 12:00:00 AM"
"St Ann","MO","breckenridge","10231","63114","60","","Slab","1.00","20","St Louis","Central-Electric","20","Cash","1","Gas","GSTL","29900.00","","Private","27200.00","6/4/2012 12:00:00 AM","27200.00","Cash, Conventional, Exchange","Sold","6/5/2012 4:02:29 PM","3.00","5/1/2012 12:00:00 AM"
"St Louis","MO","Royalton","3207","63114","71","0","Full, Partially Finished","2.00","152","St Louis","Central-Electric","152","Cash","0","Gas","GSTL","27900.00","","Bank","27900.00","3/28/2012 12:00:00 AM","27900.00","Cash, Conventional","Sold","3/29/2012 11:31:37 AM","3.00","9/26/2011 12:00:00 AM"
"Breckenridge Hills","MO","Calvert","3335","63114","86","0","Full","1.00","92","St Louis","Central-Electric","92","Cash","0","Gas","GSTL","35000.00","","Private","28000.00","11/17/2011 12:00:00 AM","28000.00","Cash","Sold","11/18/2011 12:00:00 AM","2.00","7/11/2011 12:00:00 AM"
"St Ann","MO","Marmary","3369","63074","59","0","Full, Partially Finished","2.00","154","St Louis","Central-Electric","154","Cash","1","Gas","GSTL","35000.00","","Bank","28100.00","9/15/2011 12:00:00 AM","28100.00","Cash, Conventional","Sold","9/16/2011 12:00:00 AM","3.00","4/1/2011 12:00:00 AM"
"St Ann","MO","LA VISTA","3170","63074","67","","Full, Partially Finished","1.00","46","St Louis","Central-Electric","46","Cash","1","Gas","GSTL","28000.00","","Government","28499.00","4/25/2012 12:00:00 AM","28499.00","Cash, Conventional","Sold","5/1/2012 2:01:14 PM","2.00","3/16/2012 12:00:00 AM"
"St Ann","MO","Saint Joachim","3630","63074","69","0","Full","1.00","25","St Louis","Central-Electric","25","Cash","2","Gas","GSTL","31000.00","","Government","28900.00","8/23/2011 12:00:00 AM","28900.00","Cash, Conventional","Sold","8/23/2011 12:00:00 AM","2.00","5/20/2011 12:00:00 AM"
"St Louis","MO","Edmil","9902","63114","71","0","Partial","1.00","65","St Louis","Other","65","Cash","0","Other","GSTL","35500.00","","Bank","29000.00","7/22/2011 12:00:00 AM","29000.00","Cash, Conventional","Sold","7/25/2011 12:00:00 AM","2.00","3/29/2011 12:00:00 AM"
"St Louis","MO","Pasteur","3010","63114","65","","","1.00","21","St Louis","Central-Electric","21","Cash","2","Gas","GSTL","30000.00","","Bank","29000.00","4/17/2012 12:00:00 AM","29000.00","Cash, Conventional","Sold","4/19/2012 3:49:07 PM","3.00","3/13/2012 12:00:00 AM"
"St Ann","MO","Benson","9901","63074","62","","Concrete Block, Full, Sump Pit/Pump","1.00","80","St Louis","Central-Electric","80","Other","1","Gas","GSTL","44900.00","","Private","29000.00","6/13/2012 12:00:00 AM","29000.00","Cash, Conventional, FHA, Government, VA","Sold","6/13/2012 4:22:00 PM","2.00","3/18/2012 12:00:00 AM"
"St Louis","MO","Pasteur","2808","63114","67","0","Full","1.00","48","St Louis","Other","21","Cash","0","Other","GSTL","25000.00","","Bank","29110.00","3/30/2012 12:00:00 AM","29110.00","Cash, Conventional","Sold","4/2/2012 11:30:55 AM","2.00","3/3/2012 12:00:00 AM"
"St Louis","MO","Carlyle","9919","63114","58","0","Full","1.00","39","St Louis","Other","39","Cash","0","Other","GSTL","35700.00","","Bank","29500.00","7/29/2011 12:00:00 AM","29500.00","Cash, Conventional","Sold","8/1/2011 12:00:00 AM","3.00","6/8/2011 12:00:00 AM"
"St Louis","MO","Calvert","3005","63114","86","0","Full","1.00","6","St Louis","Central-Electric","6","Government","1","Gas","GSTL","29900.00","","Bank","29900.00","11/8/2011 12:00:00 AM","29900.00","Cash, Conventional","Sold","11/9/2011 12:00:00 AM","3.00","8/19/2011 12:00:00 AM"
"St Ann","MO","Wismer","3347","63074","91","0","Partial","2.00","55","St Louis","Other","55","Cash","1","Other","GSTL","30000.00","","Government","30000.00","4/19/2012 12:00:00 AM","30000.00","Cash, Conventional","Sold","5/1/2012 4:19:44 PM","1.00","12/27/2011 12:00:00 AM"
"St Louis","MO","Sims","2709","63114","91","","Full","2.00","35","St Louis","Central-Electric","35","Cash","0","Gas","GSTL","20000.00","","Government","30000.00","4/27/2012 12:00:00 AM","30000.00","Cash, Conventional","Sold","5/4/2012 3:42:36 PM","2.00","3/19/2012 12:00:00 AM"
"St Ann","MO","O Hare","3162","63074","70","","Full, Unfinished","1.00","11","St Louis","Central-Electric","11","Cash","0","Gas","GSTL","23500.00","","Bank","30900.00","5/25/2012 12:00:00 AM","30900.00","Cash, Conventional","Sold","5/29/2012 12:21:55 PM","3.00","3/31/2012 12:00:00 AM"
"St Ann","MO","Saint Williams","3413","63074","68","0","8 ft + pour","2.00","75","St Louis","Central-Electric","75","Cash","1","Gas","GSTL","37000.00","","Bank","32500.00","8/24/2011 12:00:00 AM","32500.00","Cash, Other","Sold","8/24/2011 12:00:00 AM","4.00","5/19/2011 12:00:00 AM"
"St Ann","MO","La Vista","3142","63074","69","0","Bathroom in LL, Full, Partially Finished","3.00","47","St Louis","Central-Electric","42","Cash","1","Gas","GSTL","32000.00","","Government","32500.00","1/3/2012 12:00:00 AM","32500.00","Cash, Conventional, FHA","Sold","1/9/2012 12:00:00 AM","3.00","10/24/2011 12:00:00 AM"
"St Ann","MO","Saint Anthony","10238","63074","69","","Concrete Block","1.00","18","St Louis","Central-Electric","18","Cash","0","Gas","GSTL","30900.00","","Bank","32600.00","6/15/2012 12:00:00 AM","32600.00","Cash, Conventional, FHA","Sold","6/19/2012 4:45:32 PM","2.00","5/7/2012 12:00:00 AM"
"St Ann","MO","Breckenridge","9917","63074","73","0","Full","2.00","11","St Louis","Other","11","Cash","0","Other","GSTL","32900.00","","Bank","33000.00","12/29/2011 12:00:00 AM","33000.00","Cash, Conventional","Sold","12/30/2011 12:00:00 AM","3.00","12/6/2011 12:00:00 AM"
"St Ann","MO","Breckenridge","10314","63074","67","","Partially Finished, Rec/Family Area, Walk-Out","1.00","36","St Louis","Ceiling Fan, Central-Electric","36","Cash","0","Gas","GSTL","32900.00","","Bank","33300.00","5/14/2012 12:00:00 AM","33300.00","Cash, Conventional","Sold","5/16/2012 10:18:38 AM","2.00","2/13/2012 12:00:00 AM"
"St Ann","MO","Saint Joachim","3513","63074","69","0","Full, Partially Finished","1.00","21","St Louis","Central-Electric","21","Cash","1","Gas","GSTL","34900.00","","Bank","34000.00","12/16/2011 12:00:00 AM","34000.00","Cash, Conventional","Sold","12/19/2011 12:00:00 AM","2.00","11/6/2011 12:00:00 AM"
"St Ann","MO","Krem","3250","63074","1953","","Full, Partially Finished","2.00","21","St Louis","Central-Electric","21","Cash","0","Gas","GSTL","35000.00","","Government","34000.00","3/22/2012 12:00:00 AM","34000.00","Cash, Conventional, Other","Sold","3/22/2012 3:54:31 PM","2.00","2/5/2012 12:00:00 AM"
"Breckenridge Hills","MO","Quiet","3010","63114","84","0","Full","2.00","15","St Louis","Central-Electric","15","Cash","0","Gas","GSTL","38900.00","","Private","34900.00","10/4/2011 12:00:00 AM","34900.00","Cash, Conventional","Sold","10/26/2011 12:00:00 AM","3.00","9/8/2011 12:00:00 AM"
"St Ann","MO","Saint Dennis","10235","63074","60","0","8 ft + pour, Full, Partially Finished, Rec/Family Area","1.00","0","St Louis","Central-Electric","0","Cash","0","Gas","GSTL","34900.00","","Private","34900.00","10/31/2011 12:00:00 AM","34900.00","Cash, Conventional","Sold","11/1/2011 12:00:00 AM","3.00","9/20/2011 12:00:00 AM"
"St Ann","MO","San Jose","3542","63074","64","0","Full, Partially Finished","1.00","139","St Louis","Ceiling Fan, Central-Electric","139","Cash","1","Gas","GSTL","45900.00","","Government","35000.00","8/12/2011 12:00:00 AM","35000.00","Cash, Conventional, VA","Sold","8/18/2011 12:00:00 AM","2.00","3/8/2011 12:00:00 AM"
"St Ann","MO","Wright","3563","63074","65","0","Concrete Block, Full, Walk-Out","2.00","77","St Louis","Central-Electric","77","Cash","1","Gas","GSTL","39900.00","","Bank","35000.00","11/7/2011 12:00:00 AM","35000.00","Cash, Conventional","Sold","11/8/2011 12:00:00 AM","2.00","8/2/2011 12:00:00 AM"
"St Ann","MO","Saint Martha","9909","63074","71","0","Full","2.00","168","St Louis","Other","7","Cash","1","Gas","GSTL","37900.00","","Bank","35000.00","2/10/2012 12:00:00 AM","35000.00","Cash, Conventional","Sold","2/16/2012 11:58:03 AM","3.00","12/6/2011 12:00:00 AM"
"St Louis","MO","Baltimore","9448","63114","87","","Partially Finished, Rec/Family Area, Walk-Out","1.00","49","St Louis","Ceiling Fan, Central-Electric","49","Cash","0","Gas","GSTL","49900.00","","Bank","35000.00","5/15/2012 12:00:00 AM","35000.00","Cash, Conventional","Sold","5/16/2012 10:02:58 AM","2.00","3/9/2012 12:00:00 AM"
"Overland","MO","BALTIMORE","9540","63114","84","","Full, Partially Finished","2.00","14","St Louis","Ceiling Fan, Central-Electric, Other","14","Cash","2","Gas","GSTL","35000.00","","Private","35000.00","5/8/2012 12:00:00 AM","35000.00","Cash, Conventional","Sold","5/8/2012 8:41:42 PM","2.00","3/22/2012 12:00:00 AM"
"St Ann","MO","Saint Joachim","3230","63074","60","0","Full, Partially Finished, Poured Concrete, Rec/Family Area","1.00","27","St Louis","Ceiling Fan, Central-Electric","27","Cash","1","Gas","GSTL","34900.00","","Bank","37000.00","10/28/2011 12:00:00 AM","37000.00","Cash, Conventional","Sold","10/28/2011 12:00:00 AM","2.00","9/7/2011 12:00:00 AM"
"St Louis","MO","Chaucer","2628","63114","76","","Full, Walk-Out","2.00","14","St Louis","Central-Gas","14","Cash","1","Gas","GSTL","44900.00","","Owner by Contract","37500.00","3/16/2012 12:00:00 AM","37500.00","Cash, Conventional, FHA, Lease Option, VA","Sold","4/5/2012 12:50:22 PM","2.00","2/18/2012 12:00:00 AM"
"St Ann","MO","Westridge","3401","63074","70","0","Full, Rec/Family Area, Sleeping Area","1.00","11","St Louis","Central-Electric","11","Cash","0","Gas","GSTL","42000.00","","Government","38500.00","1/12/2012 12:00:00 AM","38500.00","Cash, Conventional","Sold","1/17/2012 3:54:01 PM","3.00","10/14/2011 12:00:00 AM"
"St Ann","MO","Saint David","3123","63074","59","0","Full","2.00","13","St Louis","Central-Electric","13","Cash","1","Gas","GSTL","38900.00","","Bank","38900.00","8/18/2011 12:00:00 AM","38900.00","Cash, Conventional","Sold","8/20/2011 12:00:00 AM","3.00","7/26/2011 12:00:00 AM"
"St Ann","MO","Lynros","3265","63074","61","","Full","1.00","70","St Louis","Central-Electric, Other","70","Cash","1","Electric, Gas, Other","GSTL","37900.00","","Bank","39000.00","6/1/2012 12:00:00 AM","39000.00","Cash","Sold","6/5/2012 11:32:36 AM","2.00","3/12/2012 12:00:00 AM"
"Breckenridge Hills","MO","Calvert","3319","63114","23","0","None","1.00","149","St Louis","Attic Fan, Central-Electric","149","Cash","0","Electric","GSTL","39900.00","","Private","39900.00","8/30/2011 12:00:00 AM","39900.00","Cash, Conventional, FHA, VA","Sold","8/31/2011 12:00:00 AM","3.00","3/8/2011 12:00:00 AM"
"St Ann","MO","Saint Richard","10252","63074","68","0","Bathroom in LL, Full, Rec/Family Area, Sleeping Area, Sump Pit/Pump, Walk-Out","2.00","164","St Louis","Central-Electric, Roof Turbines","164","Cash","0","Gas","GSTL","45000.00","","Private","40000.00","8/19/2011 12:00:00 AM","40000.00","Conventional, FHA, Government, Private, VA","Sold","8/19/2011 12:00:00 AM","2.00","1/3/2011 12:00:00 AM"
"St Ann","MO","Chaucer","3319","63074","59","0","Full, Partially Finished","2.00","35","St Louis","Central-Electric","35","Cash","0","Gas","GSTL","49500.00","","Bank","40000.00","7/29/2011 12:00:00 AM","40000.00","Cash, Conventional","Sold","8/1/2011 12:00:00 AM","3.00","6/20/2011 12:00:00 AM"
"Overland","MO","Chaucer","2645","63114","57","0","Full","2.00","81","St Louis","Other","42","Cash","2","Other","GSTL","44900.00","","Government","40200.00","12/22/2011 12:00:00 AM","40200.00","Cash, Conventional","Sold","12/27/2011 12:00:00 AM","3.00","10/14/2011 12:00:00 AM"
"St Ann","MO","Saint Katherine","10236","63074","68","0","Poured Concrete","1.00","305","St Louis","Ceiling Fan, Central-Electric","305","Other","0","Gas","GSTL","41000.00","","Private","41000.00","4/12/2012 12:00:00 AM","41000.00","Conventional, FHA, VA","Sold","4/18/2012 4:12:42 PM","2.00","5/27/2011 12:00:00 AM"
"St Louis","MO","Pasteur","3012","63114","81","0","Full","1.00","88","St Louis","Ceiling Fan, Central-Electric","88","Conventional","0","Gas","GSTL","45000.00","","Private","41500.00","6/30/2011 12:00:00 AM","41500.00","Cash, Conventional, FHA, Government, Private, RRM/ARM, VA","Sold","7/1/2011 12:00:00 AM","2.00","1/27/2011 12:00:00 AM"
"St Ann","MO","San Jose","3567","63074","63","0","Full","1.00","139","St Louis","Other","139","Cash","1","Other","GSTL","49250.00","","Bank","42500.00","8/30/2011 12:00:00 AM","42500.00","Cash, Conventional","Sold","8/31/2011 12:00:00 AM","2.00","3/11/2011 12:00:00 AM"
"St Ann","MO","Wismer","3540","63074","65","0","Full","1.00","111","St Louis","Central-Electric, 14 SEER+","111","Other","1","Gas","GSTL","42500.00","","Private","42500.00","10/14/2011 12:00:00 AM","42500.00","Cash, Conventional, FHA, Government, VA","Sold","10/19/2011 12:00:00 AM","2.00","6/24/2011 12:00:00 AM"
"St Ann","MO","Krem","3312","63074","59","0","Full, Partially Finished","1.00","47","St Louis","Central-Electric","47","Cash","1","Gas","GSTL","44900.00","","Bank","42675.00","7/21/2011 12:00:00 AM","42675.00","Cash, Conventional","Sold","7/25/2011 12:00:00 AM","3.00","6/1/2011 12:00:00 AM"
"St Louis","MO","Breckenridge","9630","63114","54","0","Full, Partially Finished, Poured Concrete, Roughed-In Bath","1.00","175","St Louis","Ceiling Fan, Central-Electric","175","FHA","1","Gas","GSTL","45000.00","","Private","43400.00","5/3/2012 12:00:00 AM","43400.00","Cash","Sold","5/4/2012 2:22:39 PM","2.00","10/11/2011 12:00:00 AM"
"St Ann","MO","Breckenridge","10008","63074","51","0","Full","2.00","46","St Louis","Central-Electric","46","Cash","1","Gas","GSTL","49900.00","","Bank","45000.00","10/21/2011 12:00:00 AM","45000.00","Cash, Conventional","Sold","10/24/2011 12:00:00 AM","3.00","8/24/2011 12:00:00 AM"
"St Ann","MO","Saint Joachim","3466","63074","1947","","","2.00","20","St Louis","Central-Electric","20","FHA","1","Gas","GSTL","49900.00","","Bank","50000.00","3/29/2012 12:00:00 AM","50000.00","Cash, Conventional","Sold","4/10/2012 3:28:43 PM","3.00","1/18/2012 12:00:00 AM"
"St Ann","MO","Sims","3435","63074","58","","Full, Partially Finished, Poured Concrete, Rec/Family Area, Sump Pit/Pump","1.00","6","St Louis","Central-Electric","6","Cash","2","Gas","GSTL","55000.00","","Private","50000.00","6/7/2012 12:00:00 AM","50000.00","Cash, Conventional, FHA","Sold","6/8/2012 10:04:36 AM","3.00","4/26/2012 12:00:00 AM"
"St Ann","MO","Saint Ann","10409","63074","53","0","Full, Partially Finished, Sleeping Area","2.00","181","St Louis","Central-Electric","181","Conventional","1","Gas","GSTL","69900.00","","Private","50450.00","11/15/2011 12:00:00 AM","50450.00","Cash, Conventional, FHA, VA","Sold","11/15/2011 12:00:00 AM","3.00","5/11/2011 12:00:00 AM"
"St Ann","MO","Saint David","3139","63074","59","0","Slab","1.00","22","St Louis","Central-Electric","22","Conventional","1","Gas","GSTL","54500.00","","Government","50920.00","9/8/2011 12:00:00 AM","50920.00","Cash, Conventional","Sold","9/15/2011 12:00:00 AM","2.00","5/13/2011 12:00:00 AM"
"St Ann","MO","Saint Katherine","10371","63074","57","","Full, Partially Finished","1.00","165","St Louis","Ceiling Fan, Central-Electric","42","Other","1","Gas","GSTL","51000.00","","Private","51500.00","3/23/2012 12:00:00 AM","51500.00","Cash, Conventional, FHA","Sold","3/29/2012 4:09:16 PM","2.00","1/31/2012 12:00:00 AM"
"Overland","MO","Clarendon","10258","63114","52","","Full, Walk-Out","2.00","23","St Louis","Ceiling Fan, Central-Electric","23","Cash","0","Gas","GSTL","72900.00","","Private","57000.00","6/7/2012 12:00:00 AM","57000.00","Cash, Conventional, FHA","Sold","6/8/2012 10:40:01 AM","3.00","5/1/2012 12:00:00 AM"
"Overland","MO","Baltimore","9510","63114","92","","Full, Walk-Out","2.00","42","St Louis","Central-Electric","42","FHA","0","Gas","GSTL","60000.00","","Private","58500.00","3/30/2012 12:00:00 AM","58500.00","Cash, Conventional, FHA, Private, RRM/ARM, VA","Sold","4/2/2012 12:35:42 PM","3.00","2/3/2012 12:00:00 AM"
"St Louis","MO","Tennyson","3017","63114","46","0","Full, Rec/Family Area","3.00","139","St Louis","Central-Electric","139","Conventional","0","Gas","GSTL","58900.00","","Bank","59000.00","11/7/2011 12:00:00 AM","59000.00","Cash, Conventional","Sold","11/11/2011 12:00:00 AM","2.00","4/15/2011 12:00:00 AM"
"St Ann","MO","Saint Williams","3465","63074","68","0","Full, Partially Finished, Poured Concrete, Walk-Out","1.00","15","St Louis","Ceiling Fan, Central-Electric","15","FHA","1","Gas","GSTL","62900.00","","Private","60000.00","9/6/2011 12:00:00 AM","60000.00","FHA, Seller May Pay SmCls, VA","Sold","9/7/2011 12:00:00 AM","2.00","7/15/2011 12:00:00 AM"
"St Ann","MO","Saint Genevieve","3540","63074","69","0","Full","1.00","82","St Louis","Attic Fan, Ceiling Fan, Central-Electric","82","Other","1","Gas","GSTL","62500.00","","Private","60000.00","1/27/2012 12:00:00 AM","60000.00","Cash, Conventional, FHA, VA","Sold","1/30/2012 8:15:02 AM","2.00","10/10/2011 12:00:00 AM"
"Overland","MO","Krem","2906","63114","51","0","Bathroom in LL, Full, Partially Finished, Poured Concrete, Rec/Family Area, Sump Pit/Pump","3.00","107","St Louis","Central-Electric","107","Cash","0","Gas","GSTL","69900.00","","Private","60000.00","2/28/2012 12:00:00 AM","60000.00","Cash, Conventional, FHA, RRM/ARM","Sold","3/26/2012 6:19:29 PM","3.00","10/19/2011 12:00:00 AM"
"St Louis","MO","Lesmer","2886","63114","56","0","Full, Partially Finished, Rec/Family Area, Sleeping Area, Walk-Out","1.00","172","St Louis","Central-Electric","78","Conventional","0","Gas","GSTL","69900.00","","Private","60000.00","4/30/2012 12:00:00 AM","60000.00","Cash, Conventional, FHA, Lease Option, Lease Purchase, VA","Sold","5/3/2012 10:00:23 AM","3.00","1/2/2012 12:00:00 AM"
"St Louis","MO","Sims","2651","63114","93","0","Full, Walk-Out","1.00","210","St Louis","Central-Electric","210","Cash","3","Gas","GSTL","66000.00","","Government","60400.00","2/9/2012 12:00:00 AM","60400.00","Cash, Conventional","Sold","2/21/2012 2:23:48 PM","4.00","7/19/2011 12:00:00 AM"
"St Ann","MO","Saint Genevieve","3593","63074","67","0","Full, Sump Pit/Pump","1.00","459","St Louis","Central-Electric","259","Other","0","Gas","GSTL","68900.00","","Private","64000.00","9/27/2011 12:00:00 AM","64000.00","Cash, Conventional, FHA, VA","Sold","10/12/2011 12:00:00 AM","2.00","11/26/2010 12:00:00 AM"
"St Ann","MO","Sims","3340","63074","82","0","Full, Partially Finished, Rec/Family Area, Sleeping Area, Walk-Out","2.00","108","St Louis","Central-Electric","108","FHA","1","Gas","GSTL","70000.00","","Private","64000.00","12/30/2011 12:00:00 AM","64000.00","Cash, Conventional, FHA, Seller May Pay SmCls","Sold","1/3/2012 12:00:00 AM","3.00","8/8/2011 12:00:00 AM"
"St Louis","MO","Clarendon","10434","63114","33","0","Full","2.00","112","St Louis","Central-Electric","112","Cash","1","Gas","GSTL","69900.00","","Bank","64001.00","2/24/2012 12:00:00 AM","64001.00","Cash, Conventional, FHA","Sold","2/28/2012 2:53:22 PM","3.00","10/4/2011 12:00:00 AM"
"St Ann","MO","Janice","3519","63074","69","0","Full, Partially Finished, Rec/Family Area, Walk-Out","1.00","141","St Louis","Ceiling Fan, Central-Electric","141","Conventional","0","Gas","GSTL","64900.00","","Private","64900.00","6/15/2012 12:00:00 AM","64900.00","Cash, Conventional, FHA, VA","Sold","6/15/2012 3:50:46 PM","2.00","12/30/2011 12:00:00 AM"
"St Ann","MO","Saint Blase","3462","63074","57","","Full, Partially Finished","1.00","104","St Louis","Attic Fan, Ceiling Fan, Central-Electric","104","Other","0","Gas","GSTL","67000.00","","Private","65000.00","6/1/2012 12:00:00 AM","65000.00","Cash, Conventional","Sold","6/4/2012 10:57:40 AM","3.00","2/21/2012 12:00:00 AM"
"St Ann","MO","Saint Ann","10408","63074","53","0","Full, Poured Concrete","2.00","190","St Louis","Attic Fan, Ceiling Fan, Central-Electric","190","Conventional","1","Gas","GSTL","74900.00","","Private","70000.00","9/21/2011 12:00:00 AM","70000.00","Cash, Conventional, FHA, VA","Sold","9/21/2011 12:00:00 AM","3.00","2/10/2011 12:00:00 AM"
"Overland","MO","Krem","2918","63114","51","0","Bathroom in LL, Full, Rec/Family Area, Sleeping Area, Sump Pit/Pump, Storage/Locker","3.00","206","St Louis","Central-Electric","206","FHA","0","Gas","GSTL","70000.00","","Private","70000.00","12/20/2011 12:00:00 AM","70000.00","Cash, Conventional, FHA, RRM/ARM, VA","Sold","12/21/2011 12:00:00 AM","4.00","5/14/2011 12:00:00 AM"
"Overland","MO","Thorpe","10095","63114","57","","Full, Poured Concrete","2.00","45","St Louis","Attic Fan, Ceiling Fan, Central-Electric","45","Cash","2","Gas","GSTL","60400.00","","Bank","70000.00","5/31/2012 12:00:00 AM","70000.00","Cash, Conventional","Sold","6/1/2012 9:59:04 AM","4.00","4/11/2012 12:00:00 AM"
"St Louis","MO","Baltimore","9909","63114","43","","Full","2.00","49","St Louis","Ceiling Fan, Central-Electric","49","FHA","0","Gas","GSTL","72900.00","","Private","71450.00","6/6/2012 12:00:00 AM","71450.00","Cash, Conventional, FHA, Government, Seller May Pay SmCls, VA","Sold","6/7/2012 2:10:10 PM","3.00","3/2/2012 12:00:00 AM"
"St Ann","MO","Saint Ann","10420","63074","53","0","8 ft + pour, Partially Finished","2.00","103","St Louis","Central-Electric","103","FHA","1","Gas","GSTL","79900.00","","Private","72000.00","11/22/2011 12:00:00 AM","72000.00","Cash, Conventional, FHA, Government","Sold","11/29/2011 12:00:00 AM","3.00","8/11/2011 12:00:00 AM"
"St Ann","MO","Saint Katherine","10341","63074","58","0","Bathroom in LL, Full, Partially Finished, Rec/Family Area, Sump Pit/Pump","2.00","75","St Louis","Central-Electric","75","FHA","0","Gas","GSTL","74900.00","","Private","73500.00","6/18/2012 12:00:00 AM","73500.00","Cash, Conventional, FHA, VA","Sold","6/20/2012 12:03:08 PM","2.00","2/23/2012 12:00:00 AM"
"St Louis","MO","Wismer","3002","63114","47","","Full, Poured Concrete","1.00","24","St Louis","Ceiling Fan, Central-Electric","24","FHA","0","Gas","GSTL","79900.00","","Private","74000.00","2/24/2012 12:00:00 AM","74000.00","Cash, Conventional, FHA, VA","Sold","2/27/2012 12:56:34 PM","3.00","1/9/2012 12:00:00 AM"
"St Ann","MO","Saint Marguerite","3613","63074","69","0","Full, Partially Finished, Rec/Family Area","1.00","91","St Louis","Ceiling Fan, Central-Electric","91","VA","0","Gas","GSTL","74900.00","","Private","74900.00","12/28/2011 12:00:00 AM","74900.00","Cash, Conventional, FHA, VA","Sold","12/28/2011 12:00:00 AM","2.00","7/5/2011 12:00:00 AM"
"Overland","MO","Lesmer","2907","63114","55","0","Full, Partially Finished, Rec/Family Area, Sump Pit/Pump","2.00","407","St Louis","Ceiling Fan, Central-Electric","36","Other","0","Gas","GSTL","79000.00","","Private","76000.00","6/22/2012 12:00:00 AM","76000.00","Cash, Conventional, FHA, VA","Sold","6/22/2012 1:57:13 PM","3.00","4/2/2012 12:00:00 AM"
"Overland","MO","Dennison","9823","63114","59","0","Concrete Block, Full","1.00","134","St Louis","Ceiling Fan, Central-Electric","134","Conventional","2","Gas","GSTL","79900.00","","Private","76800.00","8/18/2011 12:00:00 AM","76800.00","Cash, Conventional, FHA","Sold","8/22/2011 12:00:00 AM","2.00","4/5/2011 12:00:00 AM"
"Overland","MO","Thorpe","10112","63114","57","0","Full, Partially Finished, Rec/Family Area","2.00","188","St Louis","Central-Electric","188","FHA","2","Gas","GSTL","78900.00","","Bank","77500.00","10/25/2011 12:00:00 AM","77500.00","Cash, Conventional","Sold","10/25/2011 12:00:00 AM","2.00","3/15/2011 12:00:00 AM"
"Overland","MO","Decker","10430","63114","58","0","Full, Partially Finished, Rec/Family Area","1.00","88","St Louis","Central-Electric","88","Conventional","0","Gas","GSTL","84900.00","","Private","79500.00","8/17/2011 12:00:00 AM","79500.00","Cash, Conventional","Sold","8/18/2011 12:00:00 AM","3.00","5/12/2011 12:00:00 AM"
"St Ann","MO","Saint Katherine","10376","63074","57","0","Full, Partially Finished","2.00","61","St Louis","Central-Electric","61","FHA","0","Gas","GSTL","99000.00","","Private","80000.00","10/28/2011 12:00:00 AM","80000.00","Cash, Conventional, FHA, VA","Sold","10/28/2011 12:00:00 AM","4.00","7/7/2011 12:00:00 AM"
"St Ann","MO","Krem","3309","63074","60","","Bathroom in LL, Full, Rec/Family Area","2.00","58","St Louis","Ceiling Fan, Central-Electric","58","FHA","0","Gas","GSTL","84500.00","","Private","80000.00","5/25/2012 12:00:00 AM","80000.00","Cash, Conventional, FHA","Sold","6/6/2012 11:55:12 PM","2.00","4/7/2012 12:00:00 AM"
"Overland","MO","Terri Lee","2634","63114","48","0","Full, Partially Finished, Poured Concrete","2.00","10","St Louis","Central-Electric","10","Conventional","0","Gas","GSTL","82500.00","","Private","81000.00","11/10/2011 12:00:00 AM","81000.00","Cash, Conventional, FHA, VA","Sold","11/15/2011 12:00:00 AM","3.00","9/27/2011 12:00:00 AM"
"Overland","MO","Pineview","10308","63114","59","0","Full, Rec/Family Area","1.00","282","St Louis","Central-Electric","73","FHA","1","Gas","GSTL","88500.00","","Private","84000.00","9/14/2011 12:00:00 AM","84000.00","Cash, Conventional, FHA, VA","Sold","9/14/2011 12:00:00 AM","3.00","5/30/2011 12:00:00 AM"
"St Ann","MO","Saint Dolores","10301","63074","57","0","Full, Rec/Family Area","2.00","42","St Louis","Ceiling Fan, Central-Electric","42","FHA","1","Gas","GSTL","93000.00","","Private","90900.00","10/4/2011 12:00:00 AM","90900.00","Cash, Conventional, FHA, Private, VA","Sold","10/4/2011 12:00:00 AM","3.00","7/15/2011 12:00:00 AM"
"St Ann","MO","Marmary","3308","63074","58","0","Full","1.00","317","St Louis","Central-Electric, 14 SEER+","317","FHA","0","Gas","GSTL","92000.00","","Private","92000.00","10/21/2011 12:00:00 AM","92000.00","Conventional, FHA, Specl Fincg Call Agt, VA","Sold","10/22/2011 12:00:00 AM","3.00","10/25/2010 12:00:00 AM"
"Breckenridge Hills","MO","Chaucer","3107","63114","89","0","Bathroom in LL, Partially Finished, Rec/Family Area, Sleeping Area, Walk-Out","3.00","86","St Louis","Central-Gas","86","Conventional","1","Gas","GSTL","94900.00","","Private","92000.00","6/28/2011 12:00:00 AM","92000.00","Cash, Conventional","Sold","6/29/2011 12:00:00 AM","3.00","3/18/2011 12:00:00 AM"
"St Ann","MO","Saint Katherine","10340","63074","57","0","Full, Partially Finished, Poured Concrete, Rec/Family Area","2.00","64","St Louis","Attic Fan, Ceiling Fan, Central-Electric","64","FHA","1","Gas","GSTL","96800.00","","Private","94800.00","8/23/2011 12:00:00 AM","94800.00","Cash, Conventional, FHA, VA","Sold","8/24/2011 12:00:00 AM","3.00","5/23/2011 12:00:00 AM"
"St Ann","MO","San Jose","3609","63074","64","","Full, Partially Finished, Rec/Family Area, Sleeping Area","1.00","30","St Louis","Ceiling Fan, Central-Electric","30","Conventional","1","Gas","GSTL","97500.00","","Private","96000.00","3/9/2012 12:00:00 AM","96000.00","Cash, Conventional, FHA, Lease Option, Lease Purchase, Private, Seller May Pay SmCls, Specl Fincg Call Agt, VA","Sold","3/14/2012 3:01:36 PM","3.00","1/15/2012 12:00:00 AM"
"St Ann","MO","Saint Genevieve","3524","63074","69","0","Walk-Out","2.00","51","St Louis","Ceiling Fan, Central-Electric","51","Cash","1","Gas","GSTL","100000.00","","Private","97500.00","12/27/2011 12:00:00 AM","97500.00","Cash, Conventional, FHA, VA","Sold","12/27/2011 12:00:00 AM","3.00","11/2/2011 12:00:00 AM"
"St Ann","MO","Saint Martha","9909","63074","72","0","Full, Partially Finished, Rec/Family Area, Walk-Out","2.00","61","St Louis","Ceiling Fan, Central-Electric","61","FHA","1","Gas","GSTL","104900.00","","Private","97500.00","6/15/2012 12:00:00 AM","97500.00","Cash, Conventional, FHA, Government, Private, VA","Sold","6/18/2012 8:14:47 AM","3.00","4/11/2012 12:00:00 AM"
"Overland","MO","Terri Lee","2637","63114","51","0","Rec/Family Area","2.00","89","St Louis","Central-Electric","89","Conventional","1","Gas","GSTL","99900.00","","Private","99900.00","12/28/2011 12:00:00 AM","99900.00","Cash, Conventional, FHA, VA","Sold","12/28/2011 12:00:00 AM","3.00","9/7/2011 12:00:00 AM"
"Overland","MO","Gocke","24","63114","53","0","Full, Partially Finished, Poured Concrete, Rec/Family Area, Walk-Out","2.00","101","St Louis","Attic Fan, Ceiling Fan, Central-Electric","101","Other","0","Gas","GSTL","118500.00","","Private","118500.00","10/10/2011 12:00:00 AM","118500.00","Cash, Conventional, FHA, VA","Sold","10/11/2011 12:00:00 AM","3.00","5/9/2011 12:00:00 AM"
"Overland","MO","Krem","2816","63114","57","0","Slab","2.00","138","St Louis","Central-Electric","138","Conventional","0","Gas","GSTL","135000.00","","Private","125000.00","11/2/2011 12:00:00 AM","125000.00","Cash, Conventional, FHA","Sold","11/4/2011 12:00:00 AM","3.00","5/9/2011 12:00:00 AM"
"St Ann","MO","Ashby Place","10412","63074","18","0","Bathroom in LL, Full, Poured Concrete, Sump Pit/Pump, Walk-Out","3.00","62","St Louis","Ceiling Fan, Central-Electric","62","Other","0","Gas","GSTL","150000.00","","Private","147000.00","7/28/2011 12:00:00 AM","147000.00","Cash, Conventional, FHA, VA","Sold","7/28/2011 12:00:00 AM","3.00","5/9/2011 12:00:00 AM"
"St Ann","MO","Saint Martha","9908","63074","71","0","Concrete Block, Full, Sump Pit/Pump","3.00","204","St Louis","Attic Fan, Ceiling Fan, Central-Electric","204","FHA","1","Gas","GSTL","164900.00","","Private","164500.00","5/1/2012 12:00:00 AM","164500.00","Cash, Conventional","Sold","5/3/2012 12:36:42 PM","4.00","9/15/2011 12:00:00 AM"
"St Ann","MO","Ashby Place","10432","63074","18","0","Bathroom in LL, 8 ft + pour, Full, Rec/Family Area, Sleeping Area","4.00","46","St Louis","Ceiling Fan, Central-Electric","46","FHA","2","Gas","GSTL","169900.00","","Private","167500.00","4/25/2012 12:00:00 AM","167500.00","Cash, Conventional, FHA, VA","Sold","4/25/2012 5:13:11 PM","4.00","2/10/2012 12:00:00 AM"
