"St Louis","MO","Grand","4620","63111","99","0","Cellar","1.00","13","St Louis City","Other","13","Cash","0","Gas","GSTL","9900.00","","Bank","9900.00","10/7/2011 12:00:00 AM","9900.00","Cash","Sold","10/12/2011 12:00:00 AM","1.00","8/19/2011 12:00:00 AM"
"St Louis","MO","Osage","3007","63118","97","0","Full","2.00","39","St Louis City","Central-Electric","39","Cash","0","Gas","GSTL","14000.00","","Private","14000.00","10/11/2011 12:00:00 AM","14000.00","Assumption, Conventional","Sold","10/13/2011 12:00:00 AM","3.00","8/13/2011 12:00:00 AM"
"St Louis","MO","Spring","4439","63116","74","0","Full","1.00","191","St Louis City","Central-Electric","191","Cash","1","Gas","GSTL","29100.00","","Government","27540.00","4/23/2012 12:00:00 AM","27540.00","Cash, Conventional","Sold","4/23/2012 12:51:21 PM","2.00","8/18/2011 12:00:00 AM"
"St Louis","MO","California","4038","63118","118","0","Full","1.00","74","St Louis City","Central-Electric","74","Cash","2","Gas","GSTL","2000.00","","Government","3515.00","9/26/2011 12:00:00 AM","3515.00","Cash, Conventional","Sold","9/29/2011 12:00:00 AM","1.00","3/25/2011 12:00:00 AM"
"St Louis","MO","Minnesota","3843","63118","121","0","Full, Partial","2.00","20","St Louis City","None","20","Cash","0","Gas","GSTL","8000.00","","Bank","4000.00","11/18/2011 12:00:00 AM","4000.00","Cash","Sold","12/19/2011 12:00:00 AM","4.00","9/29/2011 12:00:00 AM"
"St Louis","MO","California","3941","63118","89","0","Full","1.00","121","St Louis City","Other","5","Cash","2","Other","GSTL","6500.00","","Bank","5000.00","8/16/2011 12:00:00 AM","5000.00","Cash, Conventional","Sold","8/18/2011 12:00:00 AM","1.00","7/5/2011 12:00:00 AM"
"St Louis","MO","California","4139","63118","87","0","Full, Partially Finished","2.00","374","St Louis City","Central-Electric","243","Cash","2","Gas","GSTL","10700.00","","Government","5350.00","10/28/2011 12:00:00 AM","5350.00","Cash, Conventional","Sold","11/7/2011 12:00:00 AM","2.00","1/28/2011 12:00:00 AM"
"St Louis","MO","Texas","3820","63118","121","0","8 ft + pour, Full","2.00","14","St Louis City","Central-Electric","14","Cash","0","Gas","GSTL","8500.00","","Government","7890.00","11/3/2011 12:00:00 AM","7890.00","Cash, Conventional","Sold","11/3/2011 12:00:00 AM","3.00","8/19/2011 12:00:00 AM"
"St Louis","MO","Oregon","4102","63118","104","0","Full","2.00","122","St Louis City","Other","0","Cash","2","Other","GSTL","9900.00","","Private","8000.00","1/12/2012 12:00:00 AM","8000.00","Cash","Sold","1/12/2012 2:56:40 PM","3.00","1/12/2012 12:00:00 AM"
"St Louis","MO","Nebraska","4518","63111","111","0","Full","1.00","228","St Louis City","None","228","Cash","0","Gas","GSTL","14900.00","","Private","9000.00","2/21/2012 12:00:00 AM","9000.00","Cash, Conventional","Sold","2/24/2012 10:17:23 AM","1.00","3/22/2011 12:00:00 AM"
"St Louis","MO","Gasconade","3414","63118","109","","","2.00","6","St Louis City","Central-Electric","6","Cash","0","Gas","GSTL","5000.00","","Government","9500.00","4/10/2012 12:00:00 AM","9500.00","Cash, Conventional","Sold","4/12/2012 3:02:24 PM","2.00","2/21/2012 12:00:00 AM"
"St Louis","MO","Iowa","3911","63118","113","0","Full","2.00","253","St Louis City","Other","253","Cash","0","Other","GSTL","12000.00","","Bank","10000.00","4/9/2012 12:00:00 AM","10000.00","Cash, Conventional","Sold","4/9/2012 4:53:51 PM","4.00","7/18/2011 12:00:00 AM"
"St Louis","MO","Nebraska","4035","63118","116","","Full","3.00","37","St Louis City","3 Plus Window/Wall, Central-Electric","37","Cash","1","Gas","GSTL","11500.00","","Bank","11000.00","6/14/2012 12:00:00 AM","11000.00","Cash, Conventional","Sold","6/18/2012 3:21:40 PM","3.00","4/13/2012 12:00:00 AM"
"St Louis","MO","Virginia","3933","63118","104","0","Full","1.00","217","St Louis City","Central-Electric","217","Cash","1","Gas","GSTL","17900.00","","Private","12000.00","2/24/2012 12:00:00 AM","12000.00","Cash, Conventional, FHA, Government, Private, VA","Sold","2/29/2012 10:31:06 AM","1.00","7/27/2011 12:00:00 AM"
"St Louis","MO","Alberta","3425","63118","95","","","2.00","8","St Louis City","Other","8","Cash","0","Other","GSTL","9900.00","","Bank","12011.00","4/9/2012 12:00:00 AM","12011.00","Cash, Conventional","Sold","4/10/2012 2:17:51 PM","3.00","3/7/2012 12:00:00 AM"
"St Louis","MO","Iowa","3820","63118","102","0","Full, Walk-Out","2.00","127","St Louis City","None","127","Cash","0","Other","GSTL","20000.00","","Bank","13000.00","5/14/2012 12:00:00 AM","13000.00","Cash, Conventional","Sold","5/17/2012 1:06:01 PM","3.00","11/28/2011 12:00:00 AM"
"St Louis","MO","Pennsylvania","3918","63118","98","","Full, Walk-Out","2.00","65","St Louis City","Central-Gas","65","Cash","0","Gas","GSTL","12900.00","","Bank","13800.00","4/25/2012 12:00:00 AM","13800.00","Cash, Conventional","Sold","4/27/2012 6:21:43 PM","3.00","1/31/2012 12:00:00 AM"
"St Louis","MO","California","4145","63118","108","0","Full","2.00","231","St Louis City","None","77","Cash","0","Gas","GSTL","24900.00","","Bank","14000.00","3/28/2012 12:00:00 AM","14000.00","Cash, Other","Sold","4/4/2012 10:07:41 AM","3.00","1/3/2012 12:00:00 AM"
"St Louis","MO","Ohio","3935","63118","103","0","Full","2.00","19","St Louis City","Central-Electric","19","Cash","0","Gas","GSTL","14400.00","","Government","14200.00","11/1/2011 12:00:00 AM","14200.00","Cash, Conventional","Sold","11/1/2011 12:00:00 AM","3.00","10/5/2011 12:00:00 AM"
"St Louis","MO","Compton","3921","63118","101","","","2.00","32","St Louis City","Central-Electric","32","Cash","0","Gas","GSTL","16000.00","","Bank","14500.00","3/16/2012 12:00:00 AM","14500.00","Cash, Conventional","Sold","3/21/2012 8:04:14 AM","2.00","1/19/2012 12:00:00 AM"
"St Louis","MO","California","4224","63111","88","0","Full","2.00","76","St Louis City","None","76","Other","0","Gas","GSTL","17000.00","","Private","14500.00","4/30/2012 12:00:00 AM","14500.00","Cash, Conventional","Sold","4/30/2012 12:43:27 PM","3.00","2/6/2012 12:00:00 AM"
"St Louis","MO","Keokuk","3109","63118","100","0","Full","1.00","81","St Louis City","Other","81","Cash","1","Gas","GSTL","19000.00","","Bank","16500.00","1/5/2012 12:00:00 AM","16500.00","Cash, Conventional","Sold","1/7/2012 12:00:00 AM","4.00","9/14/2011 12:00:00 AM"
"St Louis","MO","Osage","2830","63118","87","0","Full","2.00","179","St Louis City","Central-Electric","43","Cash","0","Gas","GSTL","20950.00","","Bank","17000.00","10/17/2011 12:00:00 AM","17000.00","Cash, Conventional","Sold","10/17/2011 12:00:00 AM","4.00","8/15/2011 12:00:00 AM"
"St Louis","MO","Ohio","4027","63118","52","","Full","1.00","21","St Louis City","Central-Electric","21","Cash","0","Gas","GSTL","19900.00","","Bank","21230.00","6/11/2012 12:00:00 AM","21230.00","Cash, Other","Sold","6/14/2012 10:07:08 AM","2.00","5/2/2012 12:00:00 AM"
"St Louis","MO","Iowa","3935","63118","110","0","Full, Stone/Rock","2.00","146","St Louis City","Ceiling Fan, Central-Electric","146","Cash","0","Gas","GSTL","21560.00","","Government","22000.00","11/4/2011 12:00:00 AM","22000.00","Cash, Conventional","Sold","11/14/2011 12:00:00 AM","3.00","12/28/2010 12:00:00 AM"
"St Louis","MO","Osceola","3232","63111","108","0","Full, Rec/Family Area, Walk-Out","1.00","29","St Louis City","Central-Electric","29","Cash","3","Gas","GSTL","24900.00","","Private","22000.00","12/20/2011 12:00:00 AM","22000.00","Conventional, FHA, Seller Assist, Seller May Pay SmCls, VA","Sold","12/20/2011 12:00:00 AM","2.00","11/3/2011 12:00:00 AM"
"St Louis","MO","Osage","3406","63118","","","","1.00","39","St Louis City","Central-Electric","39","Cash","1","Gas","GSTL","27500.00","","Government","22500.00","2/29/2012 12:00:00 AM","22500.00","Cash, Conventional","Sold","2/29/2012 12:19:44 PM","3.00","1/17/2012 12:00:00 AM"
"St Louis","MO","Meramec","4015","63116","63","","Full, Poured Concrete","1.00","13","St Louis City","Central-Electric","13","Cash","2","Gas","GSTL","24900.00","","Bank","25000.00","3/16/2012 12:00:00 AM","25000.00","Cash","Sold","3/21/2012 4:21:43 PM","2.00","1/18/2012 12:00:00 AM"
"St Louis","MO","Keokuk","3433","63118","105","0","Full","3.00","29","St Louis City","Central-Electric","29","Cash","0","Gas","GSTL","29900.00","","Bank","26000.00","8/29/2011 12:00:00 AM","26000.00","Cash, Conventional","Sold","8/30/2011 12:00:00 AM","3.00","7/20/2011 12:00:00 AM"
"St Louis","MO","Compton","3905","63118","85","0","Full, Walk-Out","2.00","106","St Louis City","Central-Electric","106","FHA","2","Gas","GSTL","36000.00","","Bank","28350.00","6/30/2011 12:00:00 AM","28350.00","Cash, Conventional, FHA","Sold","7/7/2011 12:00:00 AM","3.00","12/9/2010 12:00:00 AM"
"St Louis","MO","Compton","3840","63118","104","0","Full, Stone/Rock, Walk-Out","1.00","106","St Louis City","Central-Electric","106","Cash","2","Gas","GSTL","35000.00","","Private","32500.00","3/12/2012 12:00:00 AM","32500.00","Cash, Conventional, FHA","Sold","3/13/2012 9:46:18 AM","2.00","11/25/2011 12:00:00 AM"
"St Louis","MO","Minnesota","4141","63118","116","0","Full, Walk-Out","2.00","101","St Louis City","Central-Electric","101","Cash","0","Gas","GSTL","34900.00","","Bank","34900.00","12/28/2011 12:00:00 AM","34900.00","Cash, Conventional","Sold","12/30/2011 12:00:00 AM","4.00","7/5/2011 12:00:00 AM"
"St Louis","MO","Keokuk","3632","63116","90","0","Full, Poured Concrete","1.00","169","St Louis City","Ceiling Fan, Central-Electric","169","Other","2","Gas","GSTL","39900.00","","Private","39000.00","1/17/2012 12:00:00 AM","39000.00","Cash, Conventional","Sold","1/19/2012 12:39:13 PM","3.00","5/31/2011 12:00:00 AM"
"St Louis","MO","Louisiana","3940","63118","106","","Full, Stone/Rock, Walk-Out","2.00","107","St Louis City","Ceiling Fan","107","VA","0","Gas","GSTL","79900.00","","Private","79900.00","5/15/2012 12:00:00 AM","79900.00","Cash, Conventional, FHA, VA","Sold","5/16/2012 9:29:08 AM","3.00","1/9/2012 12:00:00 AM"
"St Louis","MO","Michigan","4753","63111","101","0","Stone/Rock","2.00","121","St Louis City","Central-Electric","121","Conventional","2","Gas","GSTL","100000.00","","Private","92000.00","1/20/2012 12:00:00 AM","92000.00","Cash, Conventional, FHA","Sold","1/20/2012 3:03:19 PM","3.00","8/18/2011 12:00:00 AM"
"St Louis","MO","Ohio","3844","63118","51","0","Bathroom in LL, Full, Partially Finished, Rec/Family Area, Sleeping Area","2.00","125","St Louis City","Central-Gas","125","FHA","0","Gas","GSTL","115000.00","","Private","105000.00","2/10/2012 12:00:00 AM","105000.00","Cash, Conventional, FHA","Sold","2/10/2012 12:25:45 PM","4.00","7/19/2011 12:00:00 AM"
"St Louis","MO","Ohio","3939","63118","106","0","Full, Walk-Out","2.00","186","St Louis City","Central-Electric","186","VA","0","Gas","GSTL","114900.00","","Private","114000.00","9/30/2011 12:00:00 AM","114000.00","Cash, Conventional, FHA, Seller May Pay SmCls, VA","Sold","10/6/2011 12:00:00 AM","3.00","11/1/2009 12:00:00 AM"
"St Louis","MO","Delor","4240","63116","97","0","Full","1.00","20","St Louis City","None","20","Cash","0","Gas","GSTL","4000.00","","Government","4000.00","1/9/2012 12:00:00 AM","4000.00","Cash","Sold","1/9/2012 12:00:00 AM","2.00","11/14/2011 12:00:00 AM"
"St Louis","MO","Itaska","3450","63111","109","0","Full","1.00","53","St Louis City","None","53","Cash","0","Gas","GSTL","8000.00","","Bank","4000.00","1/27/2012 12:00:00 AM","4000.00","Cash","Sold","1/30/2012 7:15:00 PM","1.00","11/23/2011 12:00:00 AM"
"St Louis","MO","Keokuk","2843","63118","115","","","1.00","11","St Louis City","None","11","Cash","0","Gas","GSTL","5000.00","","Government","5000.00","4/6/2012 12:00:00 AM","5000.00","Cash, Conventional","Sold","4/6/2012 4:04:04 PM","3.00","2/17/2012 12:00:00 AM"
"St Louis","MO","California","4121","63118","117","0","Full, Partially Finished","1.00","312","St Louis City","2 Window/Wall, Ceiling Fan","312","Cash","1","Gas","GSTL","15000.00","","Private","6000.00","11/23/2011 12:00:00 AM","6000.00","Cash, Conventional, FHA, Government, VA","Sold","11/28/2011 12:00:00 AM","2.00","1/3/2011 12:00:00 AM"
"St Louis","MO","California","4334","63111","85","","Full","1.00","36","St Louis City","None","36","Cash","1","Gas","GSTL","7200.00","","Government","6900.00","4/13/2012 12:00:00 AM","6900.00","Cash, Conventional","Sold","5/23/2012 12:09:44 PM","2.00","3/3/2012 12:00:00 AM"
"St Louis","MO","Montana","3412","63118","120","0","Full","1.00","55","St Louis City","Central-Electric","55","Cash","0","Gas","GSTL","12900.00","","Government","7000.00","4/9/2012 12:00:00 AM","7000.00","Cash, Conventional","Sold","4/9/2012 1:22:12 PM","3.00","1/6/2012 12:00:00 AM"
"St Louis","MO","Compton","4740","63111","79","0","Full","1.00","162","St Louis City","1 Window/Wall","162","Cash","0","Gas","GSTL","10000.00","","Private","7500.00","9/26/2011 12:00:00 AM","7500.00","Cash, Conventional","Sold","9/27/2011 12:00:00 AM","1.00","4/4/2011 12:00:00 AM"
"St Louis","MO","Itaska","3400","63111","107","","Partially Finished","1.00","44","St Louis City","Central-Electric","44","Cash","2","Gas","GSTL","11000.00","","Bank","7800.00","6/13/2012 12:00:00 AM","7800.00","Cash, Conventional","Sold","6/15/2012 3:28:27 PM","1.00","4/10/2012 12:00:00 AM"
"St Louis","MO","Itaska","3454","63111","115","0","Full","1.00","74","St Louis City","Central-Electric","74","Cash","0","Gas","GSTL","8000.00","","Bank","8000.00","10/5/2011 12:00:00 AM","8000.00","Cash, Conventional","Sold","10/6/2011 12:00:00 AM","1.00","5/31/2011 12:00:00 AM"
"St Louis","MO","Nebraska","3827","63118","107","0","Full","1.00","180","St Louis City","Other","180","Cash","0","Gas","GSTL","9293.00","","Government","8500.00","9/21/2011 12:00:00 AM","8500.00","Cash, Conventional","Sold","9/21/2011 12:00:00 AM","1.00","12/29/2010 12:00:00 AM"
"St Louis","MO","California","4224","63111","86","0","Full","2.00","217","St Louis City","None","217","Cash","0","Gas","GSTL","9000.00","","Bank","9000.00","7/29/2011 12:00:00 AM","9000.00","Cash","Sold","8/2/2011 12:00:00 AM","4.00","11/26/2010 12:00:00 AM"
"St Louis","MO","Virginia","5219","63111","105","0","Full, Walk-Out","2.00","134","St Louis City","Central-Electric","134","Cash","0","Gas","GSTL","9000.00","","Government","9001.00","10/28/2011 12:00:00 AM","9001.00","Cash, Conventional","Sold","10/28/2011 12:00:00 AM","4.00","1/6/2011 12:00:00 AM"
"St Louis","MO","Pulaski","3235","63111","110","0","Full","2.00","204","St Louis City","Central-Electric","204","Cash","0","Gas","GSTL","9500.00","","Government","10119.00","1/23/2012 12:00:00 AM","10119.00","Cash, Conventional, FHA","Sold","1/27/2012 11:39:41 AM","3.00","12/23/2010 12:00:00 AM"
"St Louis","MO","Dakota","3208","63111","127","0","Space/Crawl or Other, None, Slab","2.00","58","St Louis City","Central-Electric","58","Cash","0","Gas","GSTL","12000.00","","Bank","10500.00","7/29/2011 12:00:00 AM","10500.00","Cash","Sold","8/1/2011 12:00:00 AM","3.00","5/23/2011 12:00:00 AM"
"St Louis","MO","Minnesota","4435","63111","115","0","Full, Partially Finished","2.00","256","St Louis City","Central-Electric","256","Cash","0","Gas","GSTL","9600.00","","Government","10660.00","11/18/2011 12:00:00 AM","10660.00","Cash, Conventional","Sold","11/21/2011 12:00:00 AM","2.00","1/14/2011 12:00:00 AM"
"St Louis","MO","Alaska","4724","63111","103","0","Full","1.00","205","St Louis City","Central-Electric","205","Cash","1","Gas","GSTL","11000.00","","Bank","11000.00","9/26/2011 12:00:00 AM","11000.00","Cash, Conventional","Sold","9/26/2011 12:00:00 AM","2.00","12/17/2010 12:00:00 AM"
"St Louis","MO","Adkins","4563","63116","107","","","2.00","39","St Louis City","Central-Electric","39","Cash","0","Gas","GSTL","13600.00","","Bank","11000.00","5/14/2012 12:00:00 AM","11000.00","Cash, Conventional","Sold","5/18/2012 3:33:49 PM","3.00","3/19/2012 12:00:00 AM"
"St Louis","MO","Tennessee","4620","63111","106","0","Full, Walk-Out","1.00","3","St Louis City","Ceiling Fan","3","Cash","0","Gas","GSTL","5900.00","","Bank","11251.00","7/8/2011 12:00:00 AM","11251.00","Cash","Sold","7/26/2011 12:00:00 AM","3.00","6/15/2011 12:00:00 AM"
"St Louis","MO","Idaho","4645","63111","118","0","Partial","1.00","66","St Louis City","Central-Electric","66","Cash","0","Gas","GSTL","15000.00","","Private","11750.00","12/13/2011 12:00:00 AM","11750.00","Cash, Conventional","Sold","12/14/2011 12:00:00 AM","2.00","9/12/2011 12:00:00 AM"
"St Louis","MO","California","4248","63111","88","0","Full","1.00","12","St Louis City","Central-Electric","12","Cash","0","Gas","GSTL","14900.00","","Bank","11900.00","10/19/2011 12:00:00 AM","11900.00","Cash, Conventional","Sold","10/22/2011 12:00:00 AM","1.00","9/14/2011 12:00:00 AM"
"St Louis","MO","Idaho","5410","63111","102","0","Full, Walk-Out","1.00","265","St Louis City","Central-Electric","265","Cash","1","Gas","GSTL","16900.00","","Private","12000.00","2/24/2012 12:00:00 AM","12000.00","Cash, Conventional","Sold","2/28/2012 2:57:14 PM","2.00","4/27/2011 12:00:00 AM"
"St Louis","MO","Walsh","4044","63116","100","0","Partially Finished, Sleeping Area, Walk-Out","1.00","70","St Louis City","Central-Electric","70","Cash","1","Gas","GSTL","12000.00","","Bank","12000.00","12/29/2011 12:00:00 AM","12000.00","Cash","Sold","1/3/2012 12:00:00 AM","1.00","9/23/2011 12:00:00 AM"
"St Louis","MO","Louisiana","4660","63111","103","0","Full","1.00","18","St Louis City","Central-Electric","18","Cash","0","Gas","GSTL","16900.00","","Government","12000.00","12/30/2011 12:00:00 AM","12000.00","Cash, Other","Sold","1/4/2012 12:00:00 AM","3.00","11/28/2011 12:00:00 AM"
"St Louis","MO","Itaska","3445","63111","103","0","Full","2.00","7","St Louis City","None","7","Cash","0","Other","GSTL","11500.00","","Government","12500.00","5/2/2012 12:00:00 AM","12500.00","Cash, Conventional","Sold","5/7/2012 2:14:45 PM","2.00","3/22/2012 12:00:00 AM"
"St Louis","MO","Randall","3906","63116","82","0","Full","1.00","164","St Louis City","Other","164","Cash","0","Gas","GSTL","19900.00","","Bank","13000.00","7/1/2011 12:00:00 AM","13000.00","Cash, Conventional","Sold","7/6/2011 12:00:00 AM","2.00","12/27/2010 12:00:00 AM"
"St Louis","MO","Meramec","3746","63116","100","0","Full","1.00","73","St Louis City","Central-Electric","73","Cash","0","Gas","GSTL","14900.00","","Bank","13900.00","9/23/2011 12:00:00 AM","13900.00","Cash, Conventional","Sold","9/23/2011 12:00:00 AM","3.00","4/24/2011 12:00:00 AM"
"St Louis","MO","Pennsylvania","4637","63111","72","0","Full, Partially Finished","1.00","33","St Louis City","Central-Electric","33","Cash","1","Gas","GSTL","15840.00","","Bank","14000.00","5/15/2012 12:00:00 AM","14000.00","Cash, Conventional","Sold","5/18/2012 3:37:46 PM","2.00","12/7/2011 12:00:00 AM"
"St Louis","MO","Minnesota","3838","63118","49","0","Full, Partially Finished","1.00","9","St Louis City","Central-Electric","9","Cash","2","Gas","GSTL","12000.00","","Government","14000.00","1/31/2012 12:00:00 AM","14000.00","Cash, Conventional","Sold","2/1/2012 3:47:44 PM","2.00","12/21/2011 12:00:00 AM"
"St Louis","MO","Schiller","3976","63116","98","0","Full, Poured Concrete","1.00","95","St Louis City","Central-Electric","95","Cash","0","Gas","GSTL","17900.00","","Private","15000.00","12/2/2011 12:00:00 AM","15000.00","Cash, Owner May Finance","Sold","12/3/2011 12:00:00 AM","2.00","8/11/2011 12:00:00 AM"
"St Louis","MO","37th","4237","63116","102","0","Full, Walk-Out","1.00","118","St Louis City","Ceiling Fan, Central-Electric","118","Cash","1","Gas","GSTL","22000.00","","Private","15000.00","3/2/2012 12:00:00 AM","15000.00","Cash, Conventional","Sold","3/5/2012 10:47:38 AM","2.00","10/20/2011 12:00:00 AM"
"St Louis","MO","Alaska","4411","63111","114","0","None","1.00","101","St Louis City","Central-Electric","101","Cash","1","Gas","GSTL","29900.00","","Bank","15500.00","10/21/2011 12:00:00 AM","15500.00","Cash, Conventional","Sold","10/24/2011 12:00:00 AM","0.00","6/10/2011 12:00:00 AM"
"St Louis","MO","Michigan","4727","63111","116","0","Full","1.00","26","St Louis City","Central-Electric","26","Cash","1","Gas","GSTL","19900.00","","Private","16000.00","11/30/2011 12:00:00 AM","16000.00","Cash, Owner May Finance, Specl Fincg Call Agt","Sold","12/5/2011 12:00:00 AM","2.00","10/30/2011 12:00:00 AM"
"St Louis","MO","Alaska","4433","63111","111","0","Full","1.00","42","St Louis City","Central-Electric","42","Cash","2","Gas","GSTL","15000.00","","Bank","16200.00","12/29/2011 12:00:00 AM","16200.00","Cash","Sold","1/3/2012 12:00:00 AM","2.00","10/26/2011 12:00:00 AM"
"St Louis","MO","Tennessee","4432","63111","110","0","Full","2.00","93","St Louis City","Central-Electric","47","Cash","2","Gas","GSTL","16500.00","","Government","16200.00","3/22/2012 12:00:00 AM","16200.00","Cash, Conventional","Sold","3/23/2012 1:48:43 PM","2.00","1/6/2012 12:00:00 AM"
"St Louis","MO","Neosho","3702","63116","92","0","Full","1.00","30","St Louis City","Central-Electric","30","Cash","2","Gas","GSTL","21000.00","","Owner by Contract","16250.00","9/19/2011 12:00:00 AM","16250.00","Cash, Conventional","Sold","9/30/2011 12:00:00 AM","2.00","8/1/2011 12:00:00 AM"
"St Louis","MO","Eiler","3836","63116","86","0","Full","2.00","108","St Louis City","Central-Electric","108","Cash","2","Gas","GSTL","19900.00","","Bank","17000.00","10/31/2011 12:00:00 AM","17000.00","Cash, Conventional","Sold","11/1/2011 12:00:00 AM","4.00","6/28/2011 12:00:00 AM"
"St Louis","MO","Virginia","4248","63111","101","0","Full","1.00","163","St Louis City","Central-Electric","60","Cash","0","Gas","GSTL","29900.00","","Government","17000.00","2/29/2012 12:00:00 AM","17000.00","Cash, Conventional","Sold","3/1/2012 10:30:30 AM","3.00","12/20/2011 12:00:00 AM"
"St Louis","MO","Neosho","3757","63116","88","0","Full","1.00","79","St Louis City","Other","79","Conventional","1","Other","GSTL","19000.00","","Bank","17000.00","3/15/2012 12:00:00 AM","17000.00","Cash, Conventional","Sold","3/21/2012 10:58:57 AM","1.00","12/20/2011 12:00:00 AM"
"St Louis","MO","Schiller","4246","63116","88","0","Partial, Unfinished","1.00","26","St Louis City","Central-Electric","26","Cash","0","Gas","GSTL","19000.00","","Bank","17000.00","3/19/2012 12:00:00 AM","17000.00","Cash","Sold","3/19/2012 10:40:03 AM","1.00","1/27/2012 12:00:00 AM"
"St Louis","MO","Michigan","4256","63111","97","","Full, Unfinished","2.00","20","St Louis City","Central-Electric","20","Cash","0","Gas","GSTL","15000.00","","Bank","17150.00","5/29/2012 12:00:00 AM","17150.00","Cash, Other","Sold","5/31/2012 1:26:55 PM","3.00","4/13/2012 12:00:00 AM"
"St Louis","MO","Taft","4057","63116","104","0","Full","1.00","7","St Louis City","Central-Electric","7","Cash","0","Gas","GSTL","18000.00","","Bank","17500.00","5/23/2012 12:00:00 AM","17500.00","Cash, Conventional","Sold","5/25/2012 10:30:11 AM","3.00","4/18/2012 12:00:00 AM"
"St Louis","MO","Varrelmann","4719","63116","104","0","Full","1.00","71","St Louis City","Central-Electric","71","Cash","0","Gas","GSTL","20000.00","","Bank","17650.00","4/17/2012 12:00:00 AM","17650.00","Cash, Conventional","Sold","4/19/2012 11:55:34 AM","1.00","12/27/2011 12:00:00 AM"
"St Louis","MO","Newport","4728","63116","98","0","Full","1.00","182","St Louis City","Central-Electric","182","Cash","1","Gas","GSTL","19000.00","","Government","17790.00","1/3/2012 12:00:00 AM","17790.00","Cash, Conventional","Sold","1/3/2012 12:00:00 AM","1.00","5/24/2011 12:00:00 AM"
"St Louis","MO","Compton","4551","63111","102","","Full, Partially Finished, Walk-Out","1.00","321","St Louis City","Central-Electric","62","Cash","0","Gas","GSTL","17900.00","","Bank","17900.00","5/18/2012 12:00:00 AM","17900.00","Cash, Conventional, Other","Sold","5/31/2012 1:19:21 PM","2.00","2/28/2012 12:00:00 AM"
"St Louis","MO","Alexander","5029","63116","84","0","Full","1.00","5","St Louis City","Central-Electric","5","FHA","0","Gas","GSTL","10000.00","","Government","18000.00","10/17/2011 12:00:00 AM","18000.00","Cash, Conventional","Sold","10/18/2011 12:00:00 AM","1.00","8/22/2011 12:00:00 AM"
"St Louis","MO","Delor","4008","63116","71","0","Full","1.00","86","St Louis City","Central-Electric","86","Cash","1","Gas","GSTL","21900.00","","Government","18000.00","3/21/2012 12:00:00 AM","18000.00","Cash, Conventional, Other","Sold","3/21/2012 5:35:28 PM","2.00","11/25/2011 12:00:00 AM"
"St Louis","MO","Schiller","4130","63116","90","","","1.00","83","St Louis City","Central-Electric","83","Cash","0","Gas","GSTL","23900.00","","Bank","18000.00","6/6/2012 12:00:00 AM","18000.00","Cash, Conventional","Sold","6/7/2012 1:03:25 PM","1.00","2/29/2012 12:00:00 AM"
"St Louis","MO","Delor","3905","63116","81","0","Full","1.00","113","St Louis City","Central-Electric","32","Cash","0","Gas","GSTL","18000.00","","Government","18000.00","5/25/2012 12:00:00 AM","18000.00","Cash, Conventional","Sold","5/29/2012 1:13:04 PM","2.00","3/2/2012 12:00:00 AM"
"St Louis","MO","Taft","4018","63116","102","0","Full","1.00","16","St Louis City","Other","16","Cash","2","Gas","GSTL","18950.00","","Bank","18300.00","1/31/2012 12:00:00 AM","18300.00","Cash","Sold","2/1/2012 12:29:55 PM","3.00","12/20/2011 12:00:00 AM"
"St Louis","MO","Meramec","3948","63116","99","","","2.00","99","St Louis City","Central-Electric","99","Cash","0","Gas","GSTL","23900.00","","Government","19000.00","5/24/2012 12:00:00 AM","19000.00","Cash, Conventional","Sold","5/25/2012 1:51:50 PM","2.00","2/7/2012 12:00:00 AM"
"St Louis","MO","Idaho","5008","63111","103","0","Full","1.00","94","St Louis City","Central-Electric","94","Cash","1","Gas","GSTL","20000.00","","Government","19500.00","9/12/2011 12:00:00 AM","19500.00","Cash, Conventional, FHA","Sold","9/12/2011 12:00:00 AM","2.00","6/4/2011 12:00:00 AM"
"St Louis","MO","Walsh","3964","63116","99","0","Walk-Out","1.00","400","St Louis City","Central-Electric","103","Cash","0","Gas","GSTL","19900.00","","Bank","19900.00","6/26/2012 12:00:00 AM","19900.00","Cash","Sold","6/27/2012 2:36:07 PM","2.00","2/6/2012 12:00:00 AM"
"St Louis","MO","37th","5533","63116","87","0","Full","1.00","257","St Louis City","Other","62","Cash","2","Gas","GSTL","29900.00","","Bank","20000.00","8/12/2011 12:00:00 AM","20000.00","Cash, Conventional, Specl Fincg Call Agt","Sold","8/16/2011 12:00:00 AM","3.00","5/10/2011 12:00:00 AM"
"St Louis","MO","Idaho","5023","63111","101","0","Bathroom in LL, Full, Walk-Out","2.00","51","St Louis City","Central-Electric","51","Cash","0","Gas","GSTL","25000.00","","Bank","20000.00","8/22/2011 12:00:00 AM","20000.00","Cash, Conventional","Sold","8/22/2011 12:00:00 AM","2.00","6/13/2011 12:00:00 AM"
"St Louis","MO","Tennessee","4627","63111","110","0","Full, Sleeping Area","2.00","114","St Louis City","Central-Electric","93","Cash","0","Gas","GSTL","26500.00","","Government","20200.00","2/24/2012 12:00:00 AM","20200.00","Cash, Conventional","Sold","2/27/2012 6:03:16 PM","3.00","10/31/2011 12:00:00 AM"
"St Louis","MO","Newport","4615","63116","104","0","Partial","1.00","275","St Louis City","2 Window/Wall, Central-Electric","275","Cash","0","Gas","GSTL","29000.00","","Private","21000.00","5/4/2012 12:00:00 AM","21000.00","Cash, Conventional, FHA","Sold","5/9/2012 5:10:07 PM","2.00","6/13/2011 12:00:00 AM"
"St Louis","MO","Schiller","4225","63116","72","0","Full","1.00","48","St Louis City","Ceiling Fan","48","Cash","1","Gas","GSTL","29900.00","","Bank","21000.00","9/14/2011 12:00:00 AM","21000.00","Cash, Conventional, Seller May Pay SmCls, Specl Fincg Call Agt","Sold","9/15/2011 12:00:00 AM","1.00","7/14/2011 12:00:00 AM"
"St Louis","MO","Taft","4015","63116","102","0","Full","2.00","55","St Louis City","Central-Electric","55","Cash","1","Gas","GSTL","21000.00","","Private","21000.00","3/20/2012 12:00:00 AM","21000.00","Cash, Conventional","Sold","3/22/2012 11:19:26 AM","3.00","9/7/2011 12:00:00 AM"
"St Louis","MO","Itaska","3523","63111","117","0","Full, Partially Finished","2.00","90","St Louis City","Central-Electric","28","Cash","2","Gas","GSTL","20999.00","","Bank","21000.00","6/13/2012 12:00:00 AM","21000.00","Cash, Conventional","Sold","6/15/2012 11:43:14 AM","3.00","1/30/2012 12:00:00 AM"
"St Louis","MO","Schiller","3972","63116","51","0","Full, Partially Finished","1.00","241","St Louis City","Central-Electric","96","Cash","2","Gas","GSTL","27900.00","","Government","21060.00","1/31/2012 12:00:00 AM","21060.00","Cash, Conventional","Sold","2/15/2012 2:36:23 PM","2.00","10/1/2011 12:00:00 AM"
"St Louis","MO","Varrelmann","4615","63116","106","","Full","2.00","140","St Louis City","Other","42","Cash","2","Gas","GSTL","21458.00","","Government","21500.00","3/21/2012 12:00:00 AM","21500.00","Cash, Conventional","Sold","3/26/2012 2:58:13 PM","2.00","1/13/2012 12:00:00 AM"
"St Louis","MO","Schiller","4165","63116","105","0","Full, Partially Finished","2.00","171","St Louis City","Central-Electric","171","Cash","1","Gas","GSTL","24000.00","","Government","22000.00","8/31/2011 12:00:00 AM","22000.00","Cash, Conventional, FHA","Sold","9/1/2011 12:00:00 AM","3.00","2/5/2011 12:00:00 AM"
"St Louis","MO","Mount Pleasant","3123","63111","108","0","Full, Walk-Out","2.00","150","St Louis City","Central-Electric","150","Cash","1","Gas","GSTL","29900.00","","Government","22000.00","10/27/2011 12:00:00 AM","22000.00","Cash, Conventional","Sold","10/28/2011 12:00:00 AM","3.00","4/25/2011 12:00:00 AM"
"St Louis","MO","Walsh","4186","63116","91","0","Full","1.00","33","St Louis City","Other","33","Cash","0","Other","GSTL","29900.00","","Bank","22000.00","9/9/2011 12:00:00 AM","22000.00","Cash, Conventional","Sold","9/13/2011 12:00:00 AM","2.00","8/3/2011 12:00:00 AM"
"St Louis","MO","38th","4617","63116","83","0","Full","2.00","117","St Louis City","Central-Electric","117","Cash","2","Gas","GSTL","28900.00","","Government","22000.00","2/7/2012 12:00:00 AM","22000.00","Cash, Conventional","Sold","2/7/2012 11:10:17 AM","3.00","9/21/2011 12:00:00 AM"
"St Louis","MO","Varrelmann","4557","63116","105","0","8 ft + pour, Full","1.00","114","St Louis City","1 Window/Wall","114","Cash","0","Gas","GSTL","24900.00","","Owner by Contract","22000.00","3/16/2012 12:00:00 AM","22000.00","Cash, Conventional","Sold","4/6/2012 1:47:46 PM","2.00","11/17/2011 12:00:00 AM"
"St Louis","MO","Maze","5537","63116","86","0","8 ft + pour, Walk-Out","1.00","215","St Louis City","Central-Electric","43","Cash","0","Gas","GSTL","25000.00","","Government","22000.00","3/5/2012 12:00:00 AM","22000.00","Cash, Conventional","Sold","3/5/2012 4:47:55 PM","1.00","12/6/2011 12:00:00 AM"
"St Louis","MO","Schiller","4079","63116","105","0","Concrete Block","2.00","16","St Louis City","Central-Electric","16","Cash","0","Gas","GSTL","27000.00","","Owner by Contract","22000.00","12/22/2011 12:00:00 AM","22000.00","Cash, Conventional, FHA","Sold","12/26/2011 12:00:00 AM","3.00","12/6/2011 12:00:00 AM"
"St Louis","MO","Ray","4627","63116","88","0","Full, Walk-Out","1.00","16","St Louis City","Central-Electric","16","Cash","1","Gas","GSTL","22000.00","","Bank","22000.00","1/13/2012 12:00:00 AM","22000.00","Cash, Conventional","Sold","1/16/2012 4:10:36 PM","1.00","12/11/2011 12:00:00 AM"
"St Louis","MO","Keokuk","3452","63118","62","0","Full, Walk-Out","1.00","47","St Louis City","Central-Electric","47","Cash","1","Gas","GSTL","27000.00","","Private","22200.00","8/16/2011 12:00:00 AM","22200.00","Cash, Conventional","Sold","8/16/2011 12:00:00 AM","2.00","6/30/2011 12:00:00 AM"
"St Louis","MO","Louisiana","4430","63111","108","0","8 ft + pour","2.00","22","St Louis City","Central-Electric","22","Cash","0","Electric, Gas","GSTL","24000.00","","Government","22900.00","5/22/2012 12:00:00 AM","22900.00","Cash, Conventional","Sold","5/24/2012 6:56:21 AM","4.00","3/29/2012 12:00:00 AM"
"St Louis","MO","Tennessee","4623","63111","103","0","Full, Stone/Rock","2.00","17","St Louis City","Central-Electric","17","Cash","0","Gas","GSTL","24000.00","","Government","23000.00","7/18/2011 12:00:00 AM","23000.00","Cash, Conventional, FHA","Sold","7/20/2011 12:00:00 AM","4.00","5/14/2011 12:00:00 AM"
"St Louis","MO","Alexander","4656","63116","83","0","Full, Walk-Out","1.00","156","St Louis City","Ceiling Fan, Central-Electric","156","Cash","1","Gas","GSTL","24900.00","","Private","23000.00","12/23/2011 12:00:00 AM","23000.00","Cash, Conventional","Sold","12/26/2011 12:00:00 AM","2.00","7/1/2011 12:00:00 AM"
"St Louis","MO","Liberty","3208","63111","86","0","Full, Stone/Rock, Walk-Out","1.00","56","St Louis City","Central-Electric","5","Cash","2","Gas","GSTL","26300.00","","Bank","23000.00","2/6/2012 12:00:00 AM","23000.00","Cash, Conventional","Sold","2/6/2012 4:43:08 PM","2.00","10/13/2011 12:00:00 AM"
"St Louis","MO","Eiler","3848","63116","101","","Full","1.00","86","St Louis City","Other","86","Cash","0","Other","GSTL","26900.00","","Bank","23000.00","6/22/2012 12:00:00 AM","23000.00","Cash, Conventional","Sold","6/26/2012 3:24:00 PM","2.00","3/13/2012 12:00:00 AM"
"St Louis","MO","Itaska","4171","63116","106","0","Full","1.00","113","St Louis City","Central-Electric","113","Cash","1","Gas","GSTL","37900.00","","Government","23500.00","10/27/2011 12:00:00 AM","23500.00","Cash, Conventional","Sold","10/27/2011 12:00:00 AM","2.00","5/27/2011 12:00:00 AM"
"St Louis","MO","Minnesota","4708","63111","62","0","Walk-Out","2.00","279","St Louis City","Central-Electric","279","Cash","1","Gas","GSTL","24900.00","","Private","23500.00","5/18/2012 12:00:00 AM","23500.00","Cash, Conventional","Sold","5/20/2012 1:50:13 PM","1.00","8/13/2011 12:00:00 AM"
"St Louis","MO","Broadway","4257","63111","49","0","Full","2.00","77","St Louis City","Central-Electric","77","Cash","0","Gas","GSTL","20000.00","","Government","23600.00","11/4/2011 12:00:00 AM","23600.00","Cash, Conventional, FHA","Sold","11/4/2011 12:00:00 AM","2.00","7/8/2011 12:00:00 AM"
"St Louis","MO","Tennessee","5033","63111","91","","","2.00","31","St Louis City","Central-Electric","31","Cash","1","Gas","GSTL","24000.00","","Government","23800.00","5/14/2012 12:00:00 AM","23800.00","Cash, Conventional, Other","Sold","5/18/2012 3:31:54 PM","3.00","4/5/2012 12:00:00 AM"
"St Louis","MO","Louisiana","4269","63111","71","0","Full, Walk-Out","1.00","6","St Louis City","Central-Electric","6","Cash","1","Gas","GSTL","19900.00","","Bank","24000.00","1/6/2012 12:00:00 AM","24000.00","Cash, Conventional","Sold","1/6/2012 12:00:00 AM","2.00","11/30/2011 12:00:00 AM"
"St Louis","MO","Steffens","5221","63116","86","0","Full, Partially Finished","1.00","48","St Louis City","Central-Electric","48","Cash","1","Gas","GSTL","23500.00","","Bank","24100.00","2/29/2012 12:00:00 AM","24100.00","Cash, Conventional","Sold","2/29/2012 11:14:46 AM","1.00","12/29/2011 12:00:00 AM"
"St Louis","MO","Keokuk","3618","63116","103","0","Full, Partially Finished, Stone/Rock, Walk-Out","1.00","6","St Louis City","2 Window/Wall, Ceiling Fan","6","Cash","2","Gas","GSTL","32000.00","","Private","25000.00","7/1/2011 12:00:00 AM","25000.00","Cash, Conventional, RRM/ARM","Sold","7/6/2011 12:00:00 AM","2.00","6/13/2011 12:00:00 AM"
"St Louis","MO","Tennessee","5008","63111","102","0","Full","1.00","59","St Louis City","Central-Electric","59","Cash","0","Gas","GSTL","25000.00","","Government","25000.00","12/8/2011 12:00:00 AM","25000.00","Cash, Conventional","Sold","12/13/2011 12:00:00 AM","2.00","10/10/2011 12:00:00 AM"
"St Louis","MO","Alaska","4504","63111","103","0","Full","1.00","44","St Louis City","Central-Electric","44","Cash","2","Other","GSTL","30700.00","","Government","25000.00","1/9/2012 12:00:00 AM","25000.00","Cash, Other","Sold","1/9/2012 12:00:00 AM","3.00","10/26/2011 12:00:00 AM"
"St Louis","MO","Virginia","4212","63111","123","0","8 ft + pour","2.00","12","St Louis City","None","12","Cash","0","Gas","GSTL","25000.00","","Government","25100.00","5/11/2012 12:00:00 AM","25100.00","Cash, Conventional","Sold","5/15/2012 6:59:41 AM","4.00","2/17/2012 12:00:00 AM"
"St Louis","MO","Grace","4429","63116","86","0","Full","1.00","61","St Louis City","Central-Electric","61","Cash","0","Gas","GSTL","30000.00","","Bank","26000.00","8/31/2011 12:00:00 AM","26000.00","Cash","Sold","9/6/2011 12:00:00 AM","2.00","6/9/2011 12:00:00 AM"
"St Louis","MO","Alaska","4517","63111","109","0","Full, Walk-Out","1.00","9","St Louis City","Central-Electric","9","Conventional","2","Gas","GSTL","24500.00","","Bank","26000.00","1/9/2012 12:00:00 AM","26000.00","Cash, Conventional","Sold","1/9/2012 12:00:00 AM","2.00","10/29/2011 12:00:00 AM"
"St Louis","MO","39th","4466","63116","71","","Full","2.00","5","St Louis City","Central-Electric","5","Cash","0","Gas","GSTL","17500.00","","Government","26000.00","3/19/2012 12:00:00 AM","26000.00","Cash, Conventional, FHA","Sold","3/20/2012 3:28:58 PM","3.00","2/3/2012 12:00:00 AM"
"St Louis","MO","Grand","4518","63111","104","0","Full","1.00","38","St Louis City","None","38","Cash","0","Gas","GSTL","26900.00","","Bank","27100.00","4/20/2012 12:00:00 AM","27100.00","Cash","Sold","4/24/2012 5:35:54 PM","2.00","11/1/2011 12:00:00 AM"
"St Louis","MO","Randall","3948","63116","85","0","Full","1.00","11","St Louis City","Central-Electric","11","Conventional","2","Gas","GSTL","29900.00","","Government","28000.00","12/16/2011 12:00:00 AM","28000.00","Cash","Sold","12/19/2011 12:00:00 AM","2.00","10/6/2011 12:00:00 AM"
"St Louis","MO","Meramec","3944","63116","98","0","Full","2.00","159","St Louis City","2 Window/Wall","14","Cash","0","Gas","GSTL","27500.00","","Private","28100.00","2/27/2012 12:00:00 AM","28100.00","Cash, Conventional","Sold","2/29/2012 9:29:24 AM","3.00","12/20/2011 12:00:00 AM"
"St Louis","MO","Alabama","5232","63111","103","0","Full, Stone/Rock, Walk-Out","1.00","105","St Louis City","Central-Electric","105","Cash","0","Gas","GSTL","30900.00","","Bank","28500.00","12/9/2011 12:00:00 AM","28500.00","Cash, Conventional","Sold","12/14/2011 12:00:00 AM","2.00","8/5/2011 12:00:00 AM"
"St Louis","MO","37th","4615","63116","72","0","Full, Partially Finished","1.00","1","St Louis City","Central-Electric","1","Cash","1","Gas","GSTL","28420.00","","Bank","28699.00","7/11/2011 12:00:00 AM","28699.00","Cash, Conventional","Sold","7/12/2011 12:00:00 AM","2.00","6/14/2011 12:00:00 AM"
"St Louis","MO","Keokuk","3640","63116","90","0","Full","1.00","108","St Louis City","Central-Electric","108","Cash","2","Gas","GSTL","39900.00","","Government","29000.00","12/29/2011 12:00:00 AM","29000.00","Cash, Conventional, FHA","Sold","1/3/2012 12:00:00 AM","2.00","9/1/2011 12:00:00 AM"
"St Louis","MO","Itaska","3910","63116","73","","Full","1.00","142","St Louis City","Central-Electric","21","Cash","2","Gas","GSTL","34900.00","","Bank","29000.00","6/1/2012 12:00:00 AM","29000.00","Cash, Conventional","Sold","6/5/2012 3:00:29 PM","2.00","5/14/2012 12:00:00 AM"
"St Louis","MO","Tennessee","4662","63111","96","","Stone/Rock","2.00","108","St Louis City","Central-Electric","3","Cash","2","Gas","GSTL","29900.00","","Bank","29900.00","6/8/2012 12:00:00 AM","29900.00","Cash, Conventional","Sold","6/8/2012 3:45:22 PM","3.00","5/8/2012 12:00:00 AM"
"St Louis","MO","Dewey","5018","63116","70","0","Full","2.00","12","St Louis City","Other","12","Cash","2","Gas","GSTL","34900.00","","Bank","30000.00","7/6/2011 12:00:00 AM","30000.00","Cash, Conventional","Sold","7/6/2011 12:00:00 AM","2.00","5/25/2011 12:00:00 AM"
"St Louis","MO","Tennessee","4500","63111","109","0","Full, Partially Finished","2.00","463","St Louis City","Central-Electric","84","Conventional","2","Gas","GSTL","24000.00","","Government","30000.00","1/27/2012 12:00:00 AM","30000.00","Cash, Conventional","Sold","1/30/2012 4:28:09 PM","2.00","11/7/2011 12:00:00 AM"
"St Louis","MO","Bingham","3859","63116","83","0","Partially Finished","2.00","204","St Louis City","Central-Electric","204","Cash","1","Gas","GSTL","33300.00","","Government","30112.00","10/7/2011 12:00:00 AM","30112.00","Cash, Conventional, FHA","Sold","10/7/2011 12:00:00 AM","2.00","2/2/2011 12:00:00 AM"
"St Louis","MO","Taft","3717","63116","72","0","Full","1.00","98","St Louis City","Central-Electric","98","Cash","1","Gas","GSTL","37900.00","","Government","30500.00","1/10/2012 12:00:00 AM","30500.00","Cash, Conventional","Sold","1/10/2012 2:19:10 PM","2.00","8/10/2011 12:00:00 AM"
"St Louis","MO","Virginia","4245","63111","48","0","Full, Partially Finished","3.00","7","St Louis City","Central-Electric","7","Cash","2","Gas","GSTL","25000.00","","Bank","32000.00","12/23/2011 12:00:00 AM","32000.00","Cash, Conventional","Sold","12/28/2011 12:00:00 AM","2.00","12/3/2011 12:00:00 AM"
"St Louis","MO","Eiler","3963","63116","74","0","8 ft + pour, Walk-Out","1.00","64","St Louis City","Central-Electric, Other","64","Cash","0","Gas","GSTL","36000.00","","Government","33000.00","11/10/2011 12:00:00 AM","33000.00","Cash, Conventional, FHA","Sold","11/10/2011 12:00:00 AM","2.00","6/8/2011 12:00:00 AM"
"St Louis","MO","Pennsylvania","4444","63111","107","0","Full","2.00","137","St Louis City","Central-Electric","137","Cash","1","Gas","GSTL","34848.00","","Government","34000.00","7/15/2011 12:00:00 AM","34000.00","Cash, Conventional","Sold","7/18/2011 12:00:00 AM","3.00","12/29/2010 12:00:00 AM"
"St Louis","MO","Neosho","3752","63116","71","0","Full","1.00","20","St Louis City","Central-Electric","20","Cash","1","Gas","GSTL","34900.00","","Bank","34000.00","2/1/2012 12:00:00 AM","34000.00","Cash, Conventional","Sold","2/2/2012 3:38:48 PM","2.00","12/10/2011 12:00:00 AM"
"St Louis","MO","Meramec","3649","63116","89","","Full, Walk-Out","2.00","3","St Louis City","Other","3","Cash","2","Gas","GSTL","30000.00","","Private","34000.00","5/14/2012 12:00:00 AM","34000.00","Cash","Sold","5/16/2012 2:26:12 PM","5.00","4/12/2012 12:00:00 AM"
"St Louis","MO","Walsh","4109","63116","90","0","Full, Stone/Rock","1.00","48","St Louis City","Ceiling Fan, Central-Electric","48","Cash","0","Gas","GSTL","38000.00","","Private","34250.00","12/23/2011 12:00:00 AM","34250.00","Cash, Conventional","Sold","12/24/2011 12:00:00 AM","1.00","10/31/2011 12:00:00 AM"
"St Louis","MO","Walsh","4224","63116","89","0","Full, Walk-Out","1.00","24","St Louis City","Central-Electric","24","Cash","2","Gas","GSTL","33000.00","","Bank","34500.00","12/27/2011 12:00:00 AM","34500.00","Cash","Sold","12/29/2011 12:00:00 AM","2.00","11/4/2011 12:00:00 AM"
"St Louis","MO","Varrelmann","4716","63116","98","","","2.00","89","St Louis City","Central-Electric","89","Cash","0","Gas","GSTL","37900.00","","Government","34900.00","5/18/2012 12:00:00 AM","34900.00","Cash, Conventional","Sold","5/21/2012 3:24:26 PM","3.00","2/20/2012 12:00:00 AM"
"St Louis","MO","Eiler","3933","63116","83","0","Full","1.00","13","St Louis City","Central-Electric","13","Cash","2","Gas","GSTL","39900.00","","Private","35000.00","6/30/2011 12:00:00 AM","35000.00","Cash, Conventional, FHA","Sold","6/30/2011 12:00:00 AM","2.00","5/24/2011 12:00:00 AM"
"St Louis","MO","Bates","1016","63111","88","0","Full, Poured Concrete, Walk-Out","1.00","163","St Louis City","Central-Electric","120","Cash","2","Gas","GSTL","38600.00","","Government","35400.00","8/4/2011 12:00:00 AM","35400.00","Cash, Conventional, FHA, RRM/ARM, VA","Sold","8/10/2011 12:00:00 AM","3.00","11/11/2010 12:00:00 AM"
"St Louis","MO","Spring","4468","63116","58","0","Full","1.00","45","St Louis City","Central-Electric","45","Cash","2","Gas","GSTL","39900.00","","Bank","35500.00","12/2/2011 12:00:00 AM","35500.00","Cash, Conventional","Sold","12/6/2011 12:00:00 AM","2.00","9/20/2011 12:00:00 AM"
"St Louis","MO","Newport","5500","63116","74","0","Full","1.00","176","St Louis City","Central-Electric","176","Cash","1","Gas","GSTL","34500.00","","Government","36500.00","1/27/2012 12:00:00 AM","36500.00","Cash, Conventional, FHA","Sold","2/2/2012 9:06:44 AM","2.00","7/1/2011 12:00:00 AM"
"St Louis","MO","Bingham","3879","63116","117","0","Full","2.00","39","St Louis City","Central-Electric","39","Other","1","Gas","GSTL","36500.00","","Bank","36500.00","2/29/2012 12:00:00 AM","36500.00","Cash, Conventional","Sold","3/7/2012 2:09:06 PM","4.00","12/2/2011 12:00:00 AM"
"St Louis","MO","Spring","4600","63116","87","","Full, Unfinished","1.00","23","St Louis City","Central-Electric","23","Conventional","1","Gas","GSTL","38900.00","","Bank","37900.00","6/8/2012 12:00:00 AM","37900.00","Cash, Conventional, Other","Sold","6/12/2012 2:02:40 PM","2.00","4/27/2012 12:00:00 AM"
"St Louis","MO","Walsh","3924","63116","85","","Full, Walk-Out","1.00","181","St Louis City","Central-Electric","35","Cash","1","Gas","GSTL","40000.00","","Bank","38000.00","5/18/2012 12:00:00 AM","38000.00","Cash, Conventional, Other","Sold","5/31/2012 1:20:58 PM","2.00","3/19/2012 12:00:00 AM"
"St Louis","MO","Taft","4053","63116","104","","Full, Unfinished, Walk-Out","1.00","13","St Louis City","Central-Electric","13","Cash","0","Gas","GSTL","42000.00","","Government","38000.00","5/31/2012 12:00:00 AM","38000.00","Cash, Conventional","Sold","6/6/2012 12:10:21 PM","2.00","4/18/2012 12:00:00 AM"
"St Louis","MO","Ulena","5029","63116","80","0","Full","2.00","121","St Louis City","Central-Electric","121","Cash","2","Gas","GSTL","42000.00","","Government","39000.00","12/27/2011 12:00:00 AM","39000.00","Cash, Conventional","Sold","12/27/2011 12:00:00 AM","4.00","5/12/2011 12:00:00 AM"
"St Louis","MO","Eichelberger","3979","63116","88","0","Concrete Block, Full, Poured Concrete, Walk-Out","1.00","104","St Louis City","Central-Electric","104","Conventional","1","Gas","GSTL","40000.00","","Private","39000.00","1/6/2012 12:00:00 AM","39000.00","Cash, Conventional, FHA, VA","Sold","1/10/2012 2:42:41 PM","3.00","9/12/2011 12:00:00 AM"
"St Louis","MO","Meramec","3985","63116","77","0","Partially Finished, Stone/Rock","1.00","19","St Louis City","Central-Electric","19","Cash","1","Gas","GSTL","44900.00","","Private","40000.00","7/26/2011 12:00:00 AM","40000.00","Cash, Conventional","Sold","7/27/2011 12:00:00 AM","2.00","6/6/2011 12:00:00 AM"
"St Louis","MO","Delor","3660","63116","37","0","Full, Partially Finished, Rec/Family Area, Sump Pit/Pump","2.00","181","St Louis City","Ceiling Fan, Central-Electric","181","Cash","0","Gas","GSTL","39900.00","","Private","40546.00","3/29/2012 12:00:00 AM","40546.00","Cash, Conventional, FHA, Government, VA","Sold","3/29/2012 2:27:31 PM","3.00","9/21/2011 12:00:00 AM"
"St Louis","MO","MERAMEC","3941","63116","74","0","Full, Walk-Out","2.00","45","St Louis City","Central-Electric","15","Cash","1","Gas","GSTL","41000.00","","Bank","41000.00","10/7/2011 12:00:00 AM","41000.00","Cash, Conventional","Sold","10/10/2011 12:00:00 AM","3.00","8/22/2011 12:00:00 AM"
"St Louis","MO","Meramec","3981","63116","76","0","Bathroom in LL, Full, Partially Finished, Rec/Family Area, Walk-Out","2.00","323","St Louis City","1 Window/Wall, Ceiling Fan, Central-Electric","249","Cash","2","Gas","GSTL","49900.00","","Private","42000.00","10/12/2011 12:00:00 AM","42000.00","Cash, Conventional","Sold","10/14/2011 12:00:00 AM","3.00","1/17/2011 12:00:00 AM"
"St Louis","MO","Meramec","4062","63116","81","0","Full","1.00","22","St Louis City","Other","22","Conventional","0","Other","GSTL","46950.00","","Bank","45000.00","2/8/2012 12:00:00 AM","45000.00","Cash, Conventional","Sold","2/16/2012 8:48:19 AM","2.00","12/20/2011 12:00:00 AM"
"St Louis","MO","Itaska","3509","63111","111","0","Full","2.00","91","St Louis City","Central-Electric","91","Cash","0","Gas","GSTL","59900.00","","Private","45000.00","3/30/2012 12:00:00 AM","45000.00","Cash, Conventional, FHA","Sold","3/30/2012 10:48:05 AM","3.00","12/28/2011 12:00:00 AM"
"St Louis","MO","Spring","4029","63116","81","","Full, Unfinished","2.00","7","St Louis City","Central-Electric","7","Cash","2","Gas","GSTL","45000.00","","Bank","45000.00","2/21/2012 12:00:00 AM","45000.00","Cash, Conventional, Other","Sold","2/22/2012 11:28:12 AM","3.00","1/21/2012 12:00:00 AM"
"St Louis","MO","Compton","4622","63111","56","0","Full","1.00","108","St Louis City","Central-Electric","108","Cash","1","Gas","GSTL","49900.00","","Bank","47000.00","1/27/2012 12:00:00 AM","47000.00","Conventional, FHA, RRM/ARM, VA","Sold","1/27/2012 10:04:10 AM","3.00","8/22/2011 12:00:00 AM"
"St Louis","MO","38th","4656","63116","48","0","Full","1.00","49","St Louis City","Central-Electric","49","Conventional","1","Gas","GSTL","47900.00","","Private","47850.00","2/24/2012 12:00:00 AM","47850.00","Cash, Conventional, FHA","Sold","2/24/2012 2:53:51 PM","2.00","1/6/2012 12:00:00 AM"
"St Louis","MO","Schiller","4144","63116","50","0","Full, Partially Finished, Rec/Family Area, Walk-Out","1.00","77","St Louis City","Ceiling Fan, Central-Electric","77","FHA","1","Electric","GSTL","50000.00","","Bank","48000.00","8/17/2011 12:00:00 AM","48000.00","Cash, Conventional, FHA, RRM/ARM, Seller May Pay SmCls, Specl Fincg Call Agt","Sold","8/18/2011 12:00:00 AM","3.00","4/26/2011 12:00:00 AM"
"St Louis","MO","Louisiana","5219","63111","97","0","Full","1.00","499","St Louis City","Central-Electric","499","FHA","1","Gas","GSTL","49900.00","","Bank","49000.00","2/15/2012 12:00:00 AM","49000.00","Cash, Conventional, FHA, RRM/ARM","Sold","2/16/2012 3:59:37 PM","3.00","9/7/2010 12:00:00 AM"
"St Louis","MO","Gertrude","4264","63116","81","","Full, Partially Finished, Walk-Out","1.00","94","St Louis City","Central-Electric","94","Conventional","2","Gas","GSTL","49900.00","","Bank","50000.00","6/11/2012 12:00:00 AM","50000.00","Cash, Conventional","Sold","6/12/2012 11:51:58 AM","2.00","2/7/2012 12:00:00 AM"
"St Louis","MO","Fassen","419","63111","89","","Partially Finished, Rec/Family Area, Walk-Out","1.00","98","St Louis City","Central-Electric","98","Conventional","1","Gas","GSTL","55000.00","","Private","51500.00","6/22/2012 12:00:00 AM","51500.00","Cash, Conventional, FHA, VA","Sold","6/25/2012 4:26:47 PM","3.00","2/7/2012 12:00:00 AM"
"St Louis","MO","Grace","4441","63116","85","0","Full, Walk-Out","1.00","350","St Louis City","Ceiling Fan, Central-Electric","350","FHA","0","Gas","GSTL","51900.00","","Private","51900.00","12/16/2011 12:00:00 AM","51900.00","Cash, Conventional, FHA","Sold","12/21/2011 12:00:00 AM","2.00","12/7/2010 12:00:00 AM"
"St Louis","MO","Grace","4319","63116","1922","0","Bathroom in LL, Full","2.00","21","St Louis City","Central-Electric","21","Conventional","2","Electric","GSTL","54900.00","","Private","52750.00","6/22/2012 12:00:00 AM","52750.00","Cash, Conventional","Sold","6/25/2012 11:18:37 AM","4.00","3/22/2012 12:00:00 AM"
"St Louis","MO","Walsh","4135","63116","","","Full","1.00","148","St Louis City","Central-Electric","148","FHA","0","Electric","GSTL","59000.00","","Private","54900.00","6/13/2012 12:00:00 AM","54900.00","Cash, Conventional, FHA","Sold","6/13/2012 11:42:27 AM","2.00","1/17/2012 12:00:00 AM"
"St Louis","MO","Gustine","3931","63116","80","0","Full","2.00","63","St Louis City","Central-Electric","63","Cash","2","Gas","GSTL","54500.00","","Government","55000.00","12/12/2011 12:00:00 AM","55000.00","Cash, Conventional","Sold","12/12/2011 12:00:00 AM","4.00","7/26/2011 12:00:00 AM"
"St Louis","MO","Fendler","5039","63116","85","0","8 ft + pour, Partially Finished, Walk-Out","1.00","127","St Louis City","Central-Electric","127","FHA","0","Gas","GSTL","60000.00","","Private","55000.00","2/22/2012 12:00:00 AM","55000.00","Cash, Conventional, FHA, VA","Sold","2/22/2012 2:43:30 PM","2.00","9/7/2011 12:00:00 AM"
"St Louis","MO","Ray","4738","63116","63","0","Full, Poured Concrete, Walk-Out","1.00","10","St Louis City","Central-Electric","10","Cash","2","Gas","GSTL","54450.00","","Bank","55500.00","11/18/2011 12:00:00 AM","55500.00","Cash, Conventional","Sold","11/18/2011 12:00:00 AM","3.00","9/9/2011 12:00:00 AM"
"St Louis","MO","Virginia","4610","63111","87","0","Full, Walk-Out","1.00","51","St Louis City","Ceiling Fan, Central-Electric","51","FHA","0","Gas","GSTL","59900.00","","Private","57500.00","7/14/2011 12:00:00 AM","57500.00","Cash, Conventional, FHA, RRM/ARM, VA","Sold","7/14/2011 12:00:00 AM","2.00","4/1/2011 12:00:00 AM"
"St Louis","MO","39th","4444","63116","70","0","Full, Poured Concrete","1.00","274","St Louis City","Central-Electric","274","Conventional","0","Gas","GSTL","59900.00","","Private","60000.00","8/25/2011 12:00:00 AM","60000.00","Cash, Conventional, FHA, VA","Sold","9/1/2011 12:00:00 AM","3.00","9/30/2010 12:00:00 AM"
"St Louis","MO","Pulaski","3236","63111","85","0","Full, Partially Finished","2.00","172","St Louis City","Ceiling Fan, Central-Electric","172","Conventional","2","Gas","GSTL","59900.00","","Private","61750.00","8/22/2011 12:00:00 AM","61750.00","Cash, Conventional, FHA, VA","Sold","8/24/2011 12:00:00 AM","3.00","3/3/2011 12:00:00 AM"
"St Louis","MO","Tennessee","5011","63111","103","0","Full, Walk-Out","1.00","285","St Louis City","Ceiling Fan, Central-Electric","285","Conventional","0","Gas","GSTL","64900.00","","Private","61850.00","3/5/2012 12:00:00 AM","61850.00","Cash, Conventional, FHA","Sold","3/5/2012 11:16:04 AM","2.00","5/11/2011 12:00:00 AM"
"St Louis","MO","Newport","4730","63116","97","0","Full, Walk-Out","1.00","78","St Louis City","Central-Electric","78","FHA","1","Gas","GSTL","65000.00","","Private","63000.00","10/13/2011 12:00:00 AM","63000.00","Cash, Conventional, FHA, VA","Sold","10/13/2011 12:00:00 AM","2.00","6/7/2011 12:00:00 AM"
"St Louis","MO","Dunnica","3654","63116","84","0","Bathroom in LL, Full, Walk-Out","2.00","123","St Louis City","Ceiling Fan, Central-Electric","123","Cash","2","Gas","GSTL","74900.00","","Private","66000.00","1/10/2012 12:00:00 AM","66000.00","Cash, Conventional, FHA, VA","Sold","1/10/2012 4:20:51 PM","2.00","9/8/2011 12:00:00 AM"
"St Louis","MO","Delor","4037","63116","84","0","Walk-Out","1.00","169","St Louis City","Central-Electric","49","Conventional","2","Gas","GSTL","67500.00","","Private","66000.00","1/17/2012 12:00:00 AM","66000.00","Cash, Conventional, FHA, VA","Sold","1/22/2012 5:01:48 PM","2.00","11/28/2011 12:00:00 AM"
"St Louis","MO","Fassen","414","63111","88","0","Full","1.00","187","St Louis City","Central-Electric","187","Conventional","0","Gas","GSTL","69900.00","","Private","67200.00","6/22/2012 12:00:00 AM","67200.00","Cash, Conventional, FHA, VA","Sold","6/25/2012 4:24:37 PM","3.00","11/1/2011 12:00:00 AM"
"St Louis","MO","Dewey","4420","63116","87","0","Full","1.00","150","St Louis City","Central-Electric","150","FHA","2","Gas","GSTL","69900.00","","Private","71900.00","8/23/2011 12:00:00 AM","71900.00","Cash, FHA, Government, VA","Sold","8/24/2011 12:00:00 AM","3.00","2/14/2011 12:00:00 AM"
"St Louis","MO","Pennsylvania","4436","63111","115","0","8 ft + pour, Full, Walk-Out","1.00","248","St Louis City","Central-Electric","248","FHA","0","Gas","GSTL","74000.00","","Private","72000.00","3/29/2012 12:00:00 AM","72000.00","Cash, Conventional, FHA","Sold","3/30/2012 9:18:17 AM","3.00","7/22/2011 12:00:00 AM"
"St Louis","MO","Alabama","5407","63111","95","0","Full, Partially Finished, Rec/Family Area, Stone/Rock, Walk-Out","2.00","270","St Louis City","Central-Electric","151","FHA","2","Gas","GSTL","79900.00","","Private","73200.00","9/15/2011 12:00:00 AM","73200.00","Cash, Conventional, FHA, VA","Sold","9/15/2011 12:00:00 AM","2.00","4/14/2011 12:00:00 AM"
"St Louis","MO","37th","4615","63116","72","0","Full, Partially Finished, Rec/Family Area, Sleeping Area, Walk-Out","1.00","38","St Louis City","Ceiling Fan, Central-Electric","38","Other","1","Gas","GSTL","79999.00","","Private","74500.00","2/16/2012 12:00:00 AM","74500.00","Cash, Conventional, FHA, Government, RRM/ARM, VA","Sold","2/16/2012 5:18:31 PM","3.00","9/16/2011 12:00:00 AM"
"St Louis","MO","Idaho","5506","63111","101","0","Full, Walk-Out","2.00","338","St Louis City","Central-Electric","338","Cash","1","Gas","GSTL","89900.00","","Private","75000.00","8/12/2011 12:00:00 AM","75000.00","Conventional, FHA, Seller Assist, Seller May Pay SmCls, VA","Sold","8/15/2011 12:00:00 AM","2.00","8/19/2010 12:00:00 AM"
"St Louis","MO","Steffens","5040","63116","1922","0","8 ft + pour, Full, Walk-Out","1.00","74","St Louis City","Ceiling Fan, Central-Electric","74","FHA","0","Gas","GSTL","84900.00","","Private","77000.00","9/19/2011 12:00:00 AM","77000.00","Cash, Conventional, FHA, VA","Sold","9/21/2011 12:00:00 AM","3.00","7/7/2011 12:00:00 AM"
"St Louis","MO","Liermann","3674","63116","84","0","Full, Stone/Rock, Storage/Locker","1.00","289","St Louis City","Central-Electric","289","FHA","2","Gas","GSTL","79900.00","","Private","78000.00","8/19/2011 12:00:00 AM","78000.00","Cash, Conventional, FHA, Lease Option, Lease Purchase, VA","Sold","8/25/2011 12:00:00 AM","3.00","10/20/2010 12:00:00 AM"
"St Louis","MO","Virginia","4606","63111","91","0","Full, Stone/Rock, Walk-Out","2.00","98","St Louis City","Central-Electric, Zoned","98","FHA","0","Gas","GSTL","79900.00","","Private","78000.00","2/17/2012 12:00:00 AM","78000.00","Cash, Conventional, FHA, VA","Sold","2/22/2012 3:35:04 PM","4.00","11/16/2011 12:00:00 AM"
"St Louis","MO","Gustine","4005","63116","80","0","Bathroom in LL, Full, Partially Finished, Rec/Family Area, Roughed-In Bath, Stone/Rock, Storage/Locker, Walk-Out","2.00","66","St Louis City","Central-Electric","66","Conventional","2","Gas","GSTL","90000.00","","Private","80000.00","8/12/2011 12:00:00 AM","80000.00","Conventional, FHA, Private, RRM/ARM, VA","Sold","8/12/2011 12:00:00 AM","2.00","6/6/2011 12:00:00 AM"
"St Louis","MO","Gertrude","4259","63116","80","","Full, Partially Finished, Stone/Rock, Walk-Out","1.00","23","St Louis City","Ceiling Fan, Central-Electric","23","FHA","2","Gas","GSTL","89000.00","","Private","80000.00","3/15/2012 12:00:00 AM","80000.00","Cash, Conventional, FHA, VA","Sold","3/16/2012 10:12:54 AM","2.00","2/1/2012 12:00:00 AM"
"St Louis","MO","Grace","5405","63116","86","0","Full, Walk-Out","1.00","106","St Louis City","Central-Electric","106","FHA","1","Gas","GSTL","77000.00","","Private","81000.00","4/2/2012 12:00:00 AM","81000.00","Cash, Conventional, FHA, RRM/ARM","Sold","4/3/2012 2:12:16 PM","2.00","11/7/2011 12:00:00 AM"
"St Louis","MO","Frieda","4342","63116","105","0","Full, Storage/Locker, Walk-Out","2.00","180","St Louis City","Central-Electric","180","Cash","3","Gas","GSTL","83900.00","","Private","81072.00","2/15/2012 12:00:00 AM","81072.00","Cash, Conventional, FHA, VA","Sold","2/16/2012 10:03:53 AM","3.00","7/2/2011 12:00:00 AM"
"St Louis","MO","Keokuk","3405","63118","104","0","Stone/Rock","2.00","312","St Louis City","Ceiling Fan, Central-Electric","312","FHA","0","Electric","GSTL","84900.00","","Private","82000.00","4/5/2012 12:00:00 AM","82000.00","Cash, Conventional, FHA, VA","Sold","4/5/2012 5:13:13 PM","2.00","5/27/2011 12:00:00 AM"
"St Louis","MO","Michigan","4648","63111","83","0","Full, Stone/Rock, Walk-Out","2.00","273","St Louis City","Central-Electric","273","FHA","0","Gas","GSTL","89900.00","","Bank","82500.00","3/2/2012 12:00:00 AM","82500.00","Cash, Conventional, FHA, VA","Sold","3/2/2012 2:07:16 PM","3.00","5/10/2011 12:00:00 AM"
"St Louis","MO","Alberta","3926","63116","79","0","Full, Partially Finished, Sleeping Area, Walk-Out","1.00","30","St Louis City","Ceiling Fan, Central-Electric","30","Cash","2","Gas","GSTL","99900.00","","Private","85000.00","9/30/2011 12:00:00 AM","85000.00","Cash, Conventional, FHA, VA","Sold","9/30/2011 12:00:00 AM","4.00","7/24/2011 12:00:00 AM"
"St Louis","MO","Newport","5036","63116","95","0","Full, Walk-Out","1.00","40","St Louis City","Central-Electric","27","FHA","1","Gas","GSTL","89000.00","","Private","86500.00","9/15/2011 12:00:00 AM","86500.00","Cash, Conventional, FHA, VA","Sold","9/19/2011 12:00:00 AM","3.00","7/19/2011 12:00:00 AM"
"St Louis","MO","Louisiana","4121","63118","100","0","Stone/Rock","2.00","49","St Louis City","Ceiling Fan, Central-Electric","49","Cash","2","Gas","GSTL","120000.00","","Private","88000.00","10/7/2011 12:00:00 AM","88000.00","Cash, Conventional","Sold","10/10/2011 12:00:00 AM","5.00","8/3/2011 12:00:00 AM"
"St Louis","MO","Maze","5541","63116","88","0","Full, Poured Concrete, Storage/Locker, Walk-Out","1.00","104","St Louis City","Ceiling Fan, Central-Electric","104","VA","0","Gas","GSTL","89300.00","","Private","89300.00","8/18/2011 12:00:00 AM","89300.00","Cash, Conventional, FHA, RRM/ARM, VA","Sold","8/18/2011 12:00:00 AM","2.00","5/1/2011 12:00:00 AM"
"St Louis","MO","Virginia","4447","63111","113","0","Full, Walk-Out","2.00","127","St Louis City","Central-Electric","127","FHA","2","Gas","GSTL","95000.00","","Private","90000.00","8/19/2011 12:00:00 AM","90000.00","Cash, Conventional, FHA, VA","Sold","8/19/2011 12:00:00 AM","3.00","3/4/2011 12:00:00 AM"
"St Louis","MO","Louisiana","5011","63111","98","0","Full, Walk-Out","2.00","101","St Louis City","Ceiling Fan, Central-Electric, Zoned","101","FHA","0","Gas","GSTL","92500.00","","Private","90000.00","7/15/2011 12:00:00 AM","90000.00","Cash, Conventional, FHA, VA","Sold","7/15/2011 12:00:00 AM","3.00","3/23/2011 12:00:00 AM"
"St Louis","MO","Spring","4420","63116","84","0","Full, Walk-Out","1.00","40","St Louis City","Ceiling Fan","40","Conventional","2","Gas","GSTL","99900.00","","Private","94000.00","11/2/2011 12:00:00 AM","94000.00","Cash, Conventional, FHA, Government, VA","Sold","11/9/2011 12:00:00 AM","3.00","8/28/2011 12:00:00 AM"
"St Louis","MO","Liberty","3332","63111","102","0","Partially Finished, Rec/Family Area, Stone/Rock, Walk-Out","1.00","32","St Louis City","Ceiling Fan, Central-Electric","32","VA","0","Gas","GSTL","95000.00","","Private","94000.00","12/30/2011 12:00:00 AM","94000.00","Cash, Conventional, FHA, VA","Sold","12/30/2011 12:00:00 AM","2.00","10/10/2011 12:00:00 AM"
"St Louis","MO","Grace","5411","63116","86","0","Full, Walk-Out","2.00","140","St Louis City","Central-Electric","140","Conventional","2","Gas","GSTL","94900.00","","Private","94000.00","3/30/2012 12:00:00 AM","94000.00","Cash, Conventional, FHA","Sold","4/5/2012 4:08:04 PM","2.00","11/17/2011 12:00:00 AM"
"St Louis","MO","37th","4440","63116","85","0","Bathroom in LL, Full, Partially Finished, Walk-Out","2.00","24","St Louis City","Ceiling Fan, Central-Electric","24","Other","2","Gas","GSTL","97000.00","","Private","97000.00","12/22/2011 12:00:00 AM","97000.00","Cash, Conventional, FHA, Government, RRM/ARM, VA","Sold","12/23/2011 12:00:00 AM","3.00","11/28/2011 12:00:00 AM"
"St Louis","MO","37th","5016","63116","91","0","Concrete Block, 9 ft + pour, Partial, Poured Concrete, Walk-Out","1.00","30","St Louis City","Central-Electric","30","Conventional","0","Gas","GSTL","99900.00","","Private","98000.00","9/23/2011 12:00:00 AM","98000.00","Conventional, FHA, Government, VA","Sold","9/23/2011 12:00:00 AM","2.00","7/27/2011 12:00:00 AM"
"St Louis","MO","Nebraska","4437","63111","100","0","Full, Poured Concrete","2.00","143","St Louis City","Central-Gas","143","Conventional","1","Gas","GSTL","99000.00","","Private","99000.00","2/10/2012 12:00:00 AM","99000.00","Cash, Conventional, FHA, Private, Seller May Pay SmCls, VA","Sold","2/13/2012 1:08:33 PM","4.00","8/22/2011 12:00:00 AM"
"St Louis","MO","Steffens","4642","63116","86","0","Bathroom in LL, Full, Partially Finished, Rec/Family Area, Sleeping Area, Walk-Out","2.00","24","St Louis City","Central-Electric","24","Conventional","1","Gas","GSTL","104900.00","","Private","99260.00","10/14/2011 12:00:00 AM","99260.00","Cash, Conventional, FHA, RRM/ARM, VA","Sold","10/24/2011 12:00:00 AM","2.00","8/4/2011 12:00:00 AM"
"St Louis","MO","Grace","5223","63116","102","0","Full, Walk-Out","2.00","181","St Louis City","Central-Electric","181","FHA","0","Gas","GSTL","103900.00","","Private","103900.00","8/31/2011 12:00:00 AM","103900.00","Cash, Conventional, FHA, Private, RRM/ARM, VA","Sold","9/1/2011 12:00:00 AM","2.00","2/16/2011 12:00:00 AM"
"St Louis","MO","Newport","5514","63116","81","0","Full, Sump Pit/Pump, Storage/Locker, Walk-Out","1.00","66","St Louis City","Ceiling Fan, Central-Electric","66","FHA","2","Gas","GSTL","112000.00","","Private","112000.00","10/28/2011 12:00:00 AM","112000.00","Cash, Conventional, FHA, VA","Sold","10/28/2011 12:00:00 AM","2.00","8/22/2011 12:00:00 AM"
"St Louis","MO","Walsh","3929","63116","81","0","Full, Walk-Out","1.00","273","St Louis City","Central-Electric","0","VA","2","Gas","GSTL","119900.00","","Private","115000.00","4/5/2012 12:00:00 AM","115000.00","Cash, Conventional, FHA, VA, Other","Sold","4/6/2012 11:38:10 AM","3.00","9/2/2011 12:00:00 AM"
"St Louis","MO","Meramec","2919","63118","90","0","Bathroom in LL, Fireplace in LL, Full, Partially Finished, Rec/Family Area, Walk-Out","3.00","104","St Louis City","Ceiling Fan, Central-Electric","104","Conventional","2","Gas","GSTL","124900.00","","Private","120000.00","10/6/2011 12:00:00 AM","120000.00","Conventional, FHA, Seller May Pay SmCls, VA","Sold","10/7/2011 12:00:00 AM","4.00","6/17/2011 12:00:00 AM"
"St Louis","MO","Louisiana","4132","63118","121","0","Full, Walk-Out","2.00","148","St Louis City","Central-Electric, Zoned","148","VA","2","Electric, Gas","GSTL","124500.00","","Private","122000.00","7/24/2011 12:00:00 AM","122000.00","Cash, Conventional, FHA, VA","Sold","7/24/2011 12:00:00 AM","3.00","1/24/2011 12:00:00 AM"
"St Louis","MO","Dewey","4435","63116","126","","Full, Stone/Rock, Unfinished, Walk-Out","3.00","37","St Louis City","Central-Electric","13","VA","0","Gas","GSTL","130000.00","","Private","128000.00","6/13/2012 12:00:00 AM","128000.00","Cash, Conventional, FHA, VA","Sold","6/18/2012 8:49:37 AM","3.00","4/3/2012 12:00:00 AM"
"St Louis","MO","Ray","4708","63116","5","0","8 ft + pour, Full, Sump Pit/Pump","3.00","219","St Louis City","Ceiling Fan, Central-Electric","219","FHA","0","Electric","GSTL","149800.00","","Private","147000.00","9/22/2011 12:00:00 AM","147000.00","Cash, Conventional, FHA, VA","Sold","11/22/2011 12:00:00 AM","3.00","1/30/2011 12:00:00 AM"
"St Louis","MO","Compton","4334","63111","113","0","Full, Stone/Rock, Unfinished, Walk-Out","3.00","57","St Louis City","Ceiling Fan, Central-Electric, Zoned","57","FHA","2","Gas","GSTL","169900.00","","Private","160500.00","5/8/2012 12:00:00 AM","160500.00","Cash, Conventional, FHA, VA","Sold","5/8/2012 5:46:42 PM","3.00","1/27/2012 12:00:00 AM"
"St Louis","MO","Spring","4608","63123","60","","Full, Partially Finished","2.00","52","St Louis","Central-Electric","52","FHA","1","Gas","GSTL","108000.00","","Bank","109500.00","4/9/2012 12:00:00 AM","109500.00","Conventional, Other","Sold","4/16/2012 9:56:05 AM","2.00","2/23/2012 12:00:00 AM"
