"Riverview","MO","Chambers","334","63137","71","0","Full","1.00","35","St Louis","None","35","Other","0","Gas","GSTL","10000.00","","Private","1500.00","8/5/2011 12:00:00 AM","1500.00","Cash, Conventional, Owner May Finance, Seller Assist, Seller May Pay SmCls","Sold","8/11/2011 12:00:00 AM","2.00","6/17/2011 12:00:00 AM"
"Riverview","MO","Thrift","420","63137","88","0","Space/Crawl or Other, None","1.00","95","St Louis","None","6","Cash","0","Gas","GSTL","2500.00","","Government","3100.00","11/29/2011 12:00:00 AM","3100.00","Cash, Conventional","Sold","1/9/2012 12:00:00 AM","2.00","11/3/2011 12:00:00 AM"
"St Louis","MO","Valley","9940","63137","101","0","None","1.00","172","St Louis","Other","15","Cash","0","Other","GSTL","4900.00","","Bank","3500.00","10/27/2011 12:00:00 AM","3500.00","Cash, Conventional","Sold","11/10/2011 12:00:00 AM","2.00","9/27/2011 12:00:00 AM"
"St Louis","MO","Diamond","9744","63137","80","","Partial","1.00","70","St Louis","Central-Electric","70","Cash","0","Gas","GSTL","8900.00","","Government","4401.00","3/30/2012 12:00:00 AM","4401.00","Cash, Conventional","Sold","4/10/2012 9:05:55 AM","1.00","1/16/2012 12:00:00 AM"
"St Louis","MO","Crawford","434","63137","59","0","Full","1.00","10","St Louis","Central-Electric","10","Cash","0","Gas","GSTL","4500.00","","Government","4700.00","11/16/2011 12:00:00 AM","4700.00","Cash, Conventional","Sold","11/21/2011 12:00:00 AM","3.00","8/6/2011 12:00:00 AM"
"Riverview","MO","Jeffrey","10019","63137","54","0","Full","1.00","335","St Louis","Central-Electric","335","Cash","1","Gas","GSTL","10500.00","","Bank","7000.00","3/21/2012 12:00:00 AM","7000.00","Cash","Sold","3/25/2012 10:39:47 AM","2.00","1/21/2011 12:00:00 AM"
"St Louis","MO","Scenic","315","63137","77","0","Walk-Out","1.00","33","St Louis","Central-Electric","33","Cash","1","Gas","GSTL","12000.00","","Private","7000.00","10/5/2011 12:00:00 AM","7000.00","Cash, Conventional","Sold","10/14/2011 12:00:00 AM","2.00","8/19/2011 12:00:00 AM"
"St Louis","MO","Forest Home","1051","63137","75","0","Full","4.00","529","St Louis","Central-Electric","529","Conventional","1","Gas","GSTL","9900.00","","Bank","7100.00","8/17/2011 12:00:00 AM","7100.00","Cash, Conventional, FHA, VA","Sold","8/19/2011 12:00:00 AM","3.00","2/4/2010 12:00:00 AM"
"Riverview","MO","Jeffrey","9926","63137","88","0","Full","1.00","211","St Louis","None","211","Cash","1","Gas","GSTL","9900.00","","Bank","7650.00","7/1/2011 12:00:00 AM","7650.00","Cash","Sold","7/6/2011 12:00:00 AM","2.00","11/5/2010 12:00:00 AM"
"Riverview","MO","Habecking","285","63137","56","0","Full","1.00","64","St Louis","Central-Electric","64","Cash","0","Gas","GSTL","6000.00","","Government","8000.00","1/23/2012 12:00:00 AM","8000.00","Cash, Conventional","Sold","1/25/2012 4:52:58 PM","2.00","11/3/2011 12:00:00 AM"
"St Louis","MO","Lebon","924","63137","58","0","Full, Partially Finished","1.00","35","St Louis","Central-Electric","35","Cash","1","Gas","GSTL","6000.00","","Government","8100.00","12/19/2011 12:00:00 AM","8100.00","Cash","Sold","12/20/2011 12:00:00 AM","3.00","1/7/2011 12:00:00 AM"
"St Louis","MO","Dorothy","10069","63137","70","","","1.00","138","St Louis","Other","46","Cash","1","Other","GSTL","9900.00","","Bank","8126.00","4/2/2012 12:00:00 AM","8126.00","Cash, Conventional","Sold","4/4/2012 1:45:24 PM","2.00","1/20/2012 12:00:00 AM"
"St Louis","MO","Dorothy","10082","63137","71","0","Full, Partially Finished","2.00","52","St Louis","Central-Electric","52","Cash","0","Gas","GSTL","6000.00","","Government","8575.00","10/4/2011 12:00:00 AM","8575.00","Cash, Conventional","Sold","10/6/2011 12:00:00 AM","2.00","7/8/2011 12:00:00 AM"
"St Louis","MO","Gourock","10201","63137","53","0","Full","1.00","22","St Louis","Central-Electric","22","Cash","0","Gas","GSTL","10500.00","","Bank","9000.00","11/15/2011 12:00:00 AM","9000.00","Cash, Conventional","Sold","11/15/2011 12:00:00 AM","3.00","9/27/2011 12:00:00 AM"
"St Louis","MO","Calumet","9729","63137","55","0","Full, Partially Finished, Poured Concrete","1.00","85","St Louis","Central-Electric","85","Cash","1","Gas","GSTL","13000.00","","Bank","9000.00","2/1/2012 12:00:00 AM","9000.00","Cash, Conventional","Sold","2/8/2012 2:52:59 PM","3.00","10/3/2011 12:00:00 AM"
"St Louis","MO","Northridge","302","63137","71","0","Full","1.00","42","St Louis","Central-Electric","14","Cash","1","Gas","GSTL","10000.00","","Bank","9000.00","3/14/2012 12:00:00 AM","9000.00","Cash, Conventional","Sold","3/20/2012 1:29:43 PM","2.00","12/27/2011 12:00:00 AM"
"Riverview","MO","Jeffrey","9920","63137","53","0","Full, Partially Finished, Roughed-In Bath, Walk-Out","3.00","130","St Louis","Ceiling Fan, Central-Electric","130","Cash","0","Gas","GSTL","14999.00","","Private","9725.00","1/21/2012 12:00:00 AM","9725.00","Cash, Conventional","Sold","5/4/2012 12:47:33 PM","4.00","9/13/2011 12:00:00 AM"
"St Louis","MO","Diamond","10089","63137","87","0","Full","2.00","173","St Louis","Central-Electric","173","Cash","0","Gas","GSTL","9000.00","","Government","10250.00","10/14/2011 12:00:00 AM","10250.00","Cash, Conventional, FHA","Sold","10/18/2011 12:00:00 AM","3.00","12/21/2010 12:00:00 AM"
"St Louis","MO","Stimson","10028","63137","76","0","8 ft + pour, Full","1.00","1","St Louis","Central-Electric","1","Cash","0","Gas","GSTL","10500.00","","Private","10500.00","9/23/2011 12:00:00 AM","10500.00","Cash, Conventional, FHA","Sold","9/29/2011 12:00:00 AM","2.00","8/8/2011 12:00:00 AM"
"Bellefontaine Nghbrs","MO","Haddock","636","63137","55","0","Full, Partially Finished, Poured Concrete","2.00","112","St Louis","Central-Electric","112","Cash","1","Gas","GSTL","18000.00","","Government","12000.00","10/14/2011 12:00:00 AM","12000.00","Cash, Conventional","Sold","10/21/2011 12:00:00 AM","3.00","2/23/2011 12:00:00 AM"
"St Louis","MO","Shepley","632","63137","52","0","Full","1.00","52","St Louis","Other","52","Cash","0","Other","GSTL","15000.00","","Bank","12000.00","10/21/2011 12:00:00 AM","12000.00","Cash, Conventional","Sold","10/31/2011 12:00:00 AM","3.00","8/22/2011 12:00:00 AM"
"St Louis","MO","Chambers","527","63137","68","0","Full","1.00","28","St Louis","Central-Electric","28","Cash","0","Gas","GSTL","12500.00","","Government","12000.00","11/22/2011 12:00:00 AM","12000.00","Cash, Conventional","Sold","12/2/2011 12:00:00 AM","2.00","10/17/2011 12:00:00 AM"
"St Louis","MO","Lilac","9828","63137","60","","Full","1.00","34","St Louis","Other","34","Cash","2","Other","GSTL","12000.00","","Government","12012.00","5/30/2012 12:00:00 AM","12012.00","Cash, Conventional","Sold","6/1/2012 12:36:38 PM","2.00","4/9/2012 12:00:00 AM"
"St Louis","MO","Renfrew","10301","63137","54","0","Full, Partially Finished","1.00","28","St Louis","Central-Electric","28","Cash","0","Gas","GSTL","12300.00","","Government","12300.00","10/26/2011 12:00:00 AM","12300.00","Cash, Conventional","Sold","11/2/2011 12:00:00 AM","3.00","9/12/2011 12:00:00 AM"
"Bellefontaine Nghbrs","MO","Haddock","611","63137","55","0","Full","2.00","53","St Louis","Central-Electric","53","Cash","1","Gas","GSTL","12000.00","","Private","12500.00","1/31/2012 12:00:00 AM","12500.00","Cash, Conventional, FHA","Sold","2/1/2012 7:14:46 PM","6.00","12/8/2011 12:00:00 AM"
"St Louis","MO","Dorothy","10086","63137","53","","Partially Finished","1.00","25","St Louis","Central-Electric","25","Cash","0","Gas","GSTL","12000.00","","Government","12500.00","3/29/2012 12:00:00 AM","12500.00","Cash, Conventional","Sold","4/9/2012 4:59:32 PM","3.00","2/9/2012 12:00:00 AM"
"St Louis","MO","Fork","315","63137","95","0","Cellar, Full","1.00","15","St Louis","1 Window/Wall","15","Cash","1","Gas","GSTL","13000.00","","Private","12500.00","5/7/2012 12:00:00 AM","12500.00","Cash","Sold","5/7/2012 3:30:22 PM","3.00","3/19/2012 12:00:00 AM"
"St Louis","MO","Lilac","10334","63137","52","0","Full, Partially Finished","1.00","13","St Louis","Central-Electric","13","Cash","0","Gas","GSTL","15000.00","","Bank","12600.00","8/22/2011 12:00:00 AM","12600.00","Cash, Conventional","Sold","8/24/2011 12:00:00 AM","3.00","6/22/2011 12:00:00 AM"
"Riverview","MO","Melvich","10410","63137","53","0","Full, Partially Finished","1.00","62","St Louis","Central-Electric","62","Cash","0","Gas","GSTL","13000.00","","Government","13000.00","11/23/2011 12:00:00 AM","13000.00","Cash, Conventional","Sold","11/28/2011 12:00:00 AM","3.00","6/15/2011 12:00:00 AM"
"St Louis","MO","Renfrew","10409","63137","53","0","Full, Partially Finished","1.00","59","St Louis","Central-Electric","59","Cash","1","Gas","GSTL","16000.00","","Government","13000.00","9/9/2011 12:00:00 AM","13000.00","Cash, Conventional","Sold","9/12/2011 12:00:00 AM","3.00","7/8/2011 12:00:00 AM"
"St Louis","MO","Glorose","579","63137","70","0","Bathroom in LL, Full, Partially Finished, Sleeping Area, Walk-Out","2.00","24","St Louis","Other","24","Cash","1","Gas","GSTL","17900.00","","Bank","13000.00","10/6/2011 12:00:00 AM","13000.00","Cash, Conventional","Sold","10/7/2011 12:00:00 AM","3.00","8/26/2011 12:00:00 AM"
"St Louis","MO","Shepley","601","63137","54","0","Full","1.00","4","St Louis","Central-Electric","4","Cash","0","Gas","GSTL","13000.00","","Bank","13000.00","4/11/2012 12:00:00 AM","13000.00","Cash, Conventional","Sold","4/25/2012 1:39:11 PM","3.00","12/31/2011 12:00:00 AM"
"Bellefontaine Nghbrs","MO","Lilac","9919","63137","55","0","Partial, Walk-Out","1.00","6","St Louis","Central-Electric","6","Cash","1","Gas","GSTL","15000.00","","Private","13500.00","10/31/2011 12:00:00 AM","13500.00","Cash, Conventional","Sold","11/1/2011 12:00:00 AM","3.00","10/5/2011 12:00:00 AM"
"St Louis","MO","Renfrew","10323","63137","60","0","Full","2.00","15","St Louis","Central-Electric","15","Cash","0","Gas","GSTL","14000.00","","Government","14000.00","4/6/2012 12:00:00 AM","14000.00","Cash, Conventional, Exchange","Sold","4/6/2012 4:07:12 PM","3.00","2/12/2012 12:00:00 AM"
"St Louis","MO","Renfrew","10339","63137","53","0","Fireplace in LL, Full, Rec/Family Area","1.00","114","St Louis","Central-Electric","114","Cash","0","Gas","GSTL","14500.00","","Private","14500.00","3/15/2012 12:00:00 AM","14500.00","Cash, Conventional","Sold","3/19/2012 7:32:51 AM","3.00","11/21/2011 12:00:00 AM"
"Bellefontaine Nghbrs","MO","Calumet","9913","63137","56","0","Full, Poured Concrete","1.00","177","St Louis","Attic Fan, Ceiling Fan, Central-Electric","177","Cash","1","Gas","GSTL","14000.00","","Private","14540.00","9/26/2011 12:00:00 AM","14540.00","Cash, Conventional","Sold","10/1/2011 12:00:00 AM","3.00","2/4/2011 12:00:00 AM"
"St Louis","MO","Nelan","9348","63137","56","0","Full, Partially Finished","1.00","68","St Louis","Central-Electric","33","Cash","1","Gas","GSTL","14900.00","","Government","14700.00","1/5/2012 12:00:00 AM","14700.00","Cash, Conventional","Sold","1/10/2012 3:48:31 PM","3.00","12/7/2011 12:00:00 AM"
"St Louis","MO","Bellefontaine","10124","63137","82","0","Full","1.00","214","St Louis","Ceiling Fan, Central-Electric","214","Conventional","0","Gas","GSTL","15400.00","","Government","14900.00","9/29/2011 12:00:00 AM","14900.00","Cash, Conventional, FHA","Sold","9/29/2011 12:00:00 AM","2.00","12/14/2010 12:00:00 AM"
"St Louis","MO","Chambers","440","63137","71","0","Full, Walk-Out","1.00","124","St Louis","Central-Electric","124","Cash","2","Gas","GSTL","18000.00","","Private","15000.00","3/22/2012 12:00:00 AM","15000.00","Cash, Conventional, FHA, Government, VA","Sold","3/22/2012 3:18:58 PM","2.00","11/7/2011 12:00:00 AM"
"St Louis","MO","Gloucester","9700","63137","55","0","Full, Partially Finished","1.00","9","St Louis","Central-Electric","9","Cash","1","Electric","GSTL","15000.00","","Government","15000.00","12/12/2011 12:00:00 AM","15000.00","Conventional, FHA, VA","Sold","12/20/2011 12:00:00 AM","3.00","11/19/2011 12:00:00 AM"
"St Louis","MO","Cameron","340","63137","60","17","Full","1.00","55","St Louis","Central-Electric","55","Cash","0","Gas","GSTL","15000.00","","Private","15000.00","3/16/2012 12:00:00 AM","15000.00","Cash","Sold","3/21/2012 1:15:59 PM","3.00","12/15/2011 12:00:00 AM"
"St Louis","MO","DURNESS","10340","63137","55","","Bathroom in LL, Full, Partially Finished, Sleeping Area","2.00","93","St Louis","Central-Electric","93","Cash","0","Gas","GSTL","18000.00","","Government","15000.00","5/8/2012 12:00:00 AM","15000.00","Cash, Conventional","Sold","5/11/2012 11:48:18 AM","4.00","2/8/2012 12:00:00 AM"
"St Louis","MO","Galloway","10345","63137","60","","Full","1.00","28","St Louis","Other","28","Cash","0","Other","GSTL","16000.00","","Bank","15000.00","4/10/2012 12:00:00 AM","15000.00","Cash, Conventional","Sold","4/16/2012 2:33:45 PM","3.00","2/15/2012 12:00:00 AM"
"St Louis","MO","Topaz","504","63137","48","","Full, Partially Finished","2.00","10","St Louis","Central-Electric","10","Cash","2","Gas","GSTL","13000.00","","Government","15100.00","3/20/2012 12:00:00 AM","15100.00","Cash, Conventional, FHA","Sold","3/23/2012 8:58:03 AM","3.00","2/7/2012 12:00:00 AM"
"St Louis","MO","Grenshaw","1116","63137","60","","","1.00","9","St Louis","Central-Electric","9","Cash","1","Gas","GSTL","15000.00","","Government","15100.00","4/13/2012 12:00:00 AM","15100.00","Cash, Conventional, FHA","Sold","4/20/2012 12:06:12 PM","3.00","2/17/2012 12:00:00 AM"
"St Louis","MO","Scenic","454","63137","51","","","1.00","6","St Louis","Central-Electric","6","Cash","2","Gas","GSTL","15000.00","","Government","15150.00","4/27/2012 12:00:00 AM","15150.00","Cash, Conventional","Sold","5/2/2012 9:41:21 AM","3.00","3/1/2012 12:00:00 AM"
"St Louis","MO","Lilac","10035","63137","58","0","8 ft + pour","1.00","11","St Louis","Central-Gas","11","Cash","1","Gas","GSTL","18000.00","","Owner by Contract","15500.00","7/13/2011 12:00:00 AM","15500.00","Cash","Sold","7/14/2011 12:00:00 AM","2.00","6/24/2011 12:00:00 AM"
"Bellefontaine Nghbrs","MO","Cabot","10172","63137","60","0","Full, Partially Finished","2.00","70","St Louis","Central-Electric","70","Cash","1","Gas","GSTL","22500.00","","Government","15500.00","1/17/2012 12:00:00 AM","15500.00","Cash, Conventional","Sold","1/19/2012 10:07:15 PM","2.00","10/26/2011 12:00:00 AM"
"St Louis","MO","Kelvin","706","63137","55","0","Full, Partially Finished, Poured Concrete, Rec/Family Area","1.00","56","St Louis","Attic Fan, Ceiling Fan, Central-Electric","56","Cash","1","Gas","GSTL","24500.00","","Bank","16500.00","2/17/2012 12:00:00 AM","16500.00","Cash, Conventional","Sold","2/17/2012 11:08:10 AM","3.00","11/3/2011 12:00:00 AM"
"St Louis","MO","Alcove","515","63137","53","0","Full, Partially Finished, Rec/Family Area","1.00","49","St Louis","Other","49","Cash","1","Gas","GSTL","19900.00","","Bank","17000.00","12/20/2011 12:00:00 AM","17000.00","Cash, Conventional","Sold","12/20/2011 12:00:00 AM","3.00","10/18/2011 12:00:00 AM"
"Bellefontaine Nghbrs","MO","Delaird","920","63137","58","0","Full, Poured Concrete","1.00","22","St Louis","Central-Electric","22","Cash","1","Gas","GSTL","19000.00","","Bank","17000.00","3/16/2012 12:00:00 AM","17000.00","Cash","Sold","3/16/2012 3:03:25 PM","3.00","1/25/2012 12:00:00 AM"
"St Louis","MO","Kelvin","724","63137","56","","","1.00","16","St Louis","Central-Electric","16","Cash","1","Gas","GSTL","17500.00","","Bank","17500.00","1/26/2012 12:00:00 AM","17500.00","Cash, Conventional","Sold","1/26/2012 11:05:39 AM","3.00","1/10/2012 12:00:00 AM"
"St Louis","MO","Lilac","10019","63137","58","0","Full","1.00","21","St Louis","Central-Electric","21","Cash","1","Gas","GSTL","18475.00","","Bank","17552.00","9/26/2011 12:00:00 AM","17552.00","Cash, Conventional","Sold","9/28/2011 12:00:00 AM","2.00","8/2/2011 12:00:00 AM"
"Bellefontaine Nghbrs","MO","Hayward","9940","63137","56","0","Full","1.00","21","St Louis","Central-Electric","21","Cash","1","Gas","GSTL","17911.00","","Bank","18500.00","12/1/2011 12:00:00 AM","18500.00","Cash","Sold","12/6/2011 12:00:00 AM","3.00","11/8/2011 12:00:00 AM"
"St Louis","MO","Nelan","9336","63137","56","0","Partially Finished, Rec/Family Area","1.00","42","St Louis","Central-Electric","42","Cash","1","Gas","GSTL","17500.00","","Bank","18500.00","1/5/2012 12:00:00 AM","18500.00","Cash, Conventional, FHA","Sold","1/10/2012 12:05:20 PM","3.00","11/26/2011 12:00:00 AM"
"St Louis","MO","Lilac","10431","63137","51","0","Full, Poured Concrete","1.00","201","St Louis","Central-Electric","201","Cash","0","Gas","GSTL","19900.00","","Private","19900.00","7/15/2011 12:00:00 AM","19900.00","Cash, Conventional, FHA","Sold","7/20/2011 12:00:00 AM","3.00","12/10/2010 12:00:00 AM"
"St Louis","MO","Durness","10412","63137","1957","","Partially Finished","1.00","7","St Louis","Central-Electric","7","Cash","0","Gas","GSTL","23900.00","","Owner by Contract","20000.00","3/16/2012 12:00:00 AM","20000.00","Cash, Conventional","Sold","3/18/2012 11:40:01 PM","3.00","2/20/2012 12:00:00 AM"
"St Louis","MO","Kilgore","1236","63137","61","0","Full","1.00","22","St Louis","Other","22","Cash","1","Other","GSTL","23750.00","","Bank","20800.00","6/30/2011 12:00:00 AM","20800.00","Cash, Conventional","Sold","7/5/2011 12:00:00 AM","3.00","5/24/2011 12:00:00 AM"
"Bellefontaine Nghbrs","MO","Calumet","9921","63137","55","0","Full, Poured Concrete","1.00","121","St Louis","Central-Electric","121","Other","1","Gas","GSTL","25000.00","","Private","21651.00","8/25/2011 12:00:00 AM","21651.00","Cash, Conventional, FHA, VA","Sold","8/29/2011 12:00:00 AM","2.00","4/3/2011 12:00:00 AM"
"Bellefontaine Nghbrs","MO","Odessa","1321","63137","59","0","Full","1.00","12","St Louis","Ceiling Fan, Central-Electric","12","Cash","1","Gas","GSTL","20000.00","","Government","21651.00","9/13/2011 12:00:00 AM","21651.00","Cash, Conventional","Sold","9/13/2011 12:00:00 AM","2.00","6/18/2011 12:00:00 AM"
"St Louis","MO","Danville","1226","63137","58","0","Full, Partially Finished","2.00","42","St Louis","Central-Electric","42","Cash","1","Gas","GSTL","23000.00","","Government","21651.00","8/29/2011 12:00:00 AM","21651.00","Cash, Conventional","Sold","8/29/2011 12:00:00 AM","2.00","6/30/2011 12:00:00 AM"
"Bellefontaine Nghbrs","MO","Ashbrook","10252","63137","57","0","Full, Partially Finished","2.00","50","St Louis","Central-Electric","50","Cash","1","Gas","GSTL","24900.00","","Government","22250.00","1/24/2012 12:00:00 AM","22250.00","Cash, Conventional","Sold","1/27/2012 1:04:42 PM","2.00","11/29/2011 12:00:00 AM"
"St Louis","MO","Gabriel","1049","63137","60","0","Full","1.00","59","St Louis","Central-Electric","59","Cash","1","Gas","GSTL","25000.00","","Bank","22500.00","8/19/2011 12:00:00 AM","22500.00","Cash, Conventional","Sold","8/22/2011 12:00:00 AM","2.00","6/17/2011 12:00:00 AM"
"Bellefontaine Nghbrs","MO","Odessa","1301","63137","59","0","Bathroom in LL, Full, Partially Finished, Rec/Family Area","1.00","44","St Louis","Central-Electric","44","Cash","1","Gas","GSTL","28000.00","","Private","22500.00","8/25/2011 12:00:00 AM","22500.00","Cash, Conventional, FHA, VA","Sold","8/26/2011 12:00:00 AM","3.00","6/28/2011 12:00:00 AM"
"St Louis","MO","Calumet","9713","63137","55","0","Full","1.00","35","St Louis","Other","6","Cash","1","Other","GSTL","27500.00","","Bank","22500.00","9/27/2011 12:00:00 AM","22500.00","Cash, Conventional","Sold","10/5/2011 12:00:00 AM","2.00","8/30/2011 12:00:00 AM"
"St Louis","MO","Valley","10201","63137","54","0","Full, Partially Finished, Rec/Family Area","2.00","26","St Louis","Ceiling Fan, Central-Electric","26","Other","0","Gas","GSTL","21500.00","","Bank","22703.00","8/10/2011 12:00:00 AM","22703.00","Cash, Conventional","Sold","8/12/2011 12:00:00 AM","3.00","7/6/2011 12:00:00 AM"
"Bellefontaine Nghbrs","MO","Bella","814","63137","54","0","Bathroom in LL, Full, Partially Finished, Rec/Family Area","2.00","72","St Louis","Central-Electric","72","Cash","1","Gas","GSTL","24900.00","","Bank","22900.00","3/1/2012 12:00:00 AM","22900.00","Cash, Conventional","Sold","3/2/2012 2:37:29 PM","2.00","11/16/2011 12:00:00 AM"
"Bellefontaine Nghbrs","MO","Newbold","10155","63137","60","0","Full, Partially Finished, Rec/Family Area","1.00","157","St Louis","Central-Electric","157","FHA","1","Gas","GSTL","22500.00","","Private","23000.00","3/27/2012 12:00:00 AM","23000.00","Cash, Conventional","Sold","3/29/2012 7:43:09 AM","2.00","10/20/2011 12:00:00 AM"
"St Louis","MO","Chambers","1201","63137","60","","Bathroom in LL, Full, Partially Finished","2.00","10","St Louis","Central-Electric","10","Cash","1","Electric","GSTL","20900.00","","Bank","23000.00","5/29/2012 12:00:00 AM","23000.00","Cash","Sold","6/5/2012 2:56:33 PM","2.00","4/16/2012 12:00:00 AM"
"St Louis","MO","Alcove","509","63137","52","0","Full","1.00","21","St Louis","Central-Electric","21","Cash","1","Gas","GSTL","25000.00","","Bank","23199.00","7/7/2011 12:00:00 AM","23199.00","Cash, Conventional","Sold","7/7/2011 12:00:00 AM","3.00","6/3/2011 12:00:00 AM"
"St Louis","MO","Unicorn","10225","63137","60","","Full, Partially Finished","2.00","36","St Louis","Central-Electric","36","Cash","1","Gas","GSTL","22500.00","","Government","23500.00","3/14/2012 12:00:00 AM","23500.00","Cash, Conventional","Sold","4/25/2012 1:46:16 PM","3.00","1/21/2012 12:00:00 AM"
"St Louis","MO","Newbold","10139","63137","56","","Full","1.00","21","St Louis","Central-Electric","21","Cash","1","Gas","GSTL","25000.00","","Government","24150.00","3/29/2012 12:00:00 AM","24150.00","Cash, Conventional","Sold","4/9/2012 5:19:22 PM","2.00","2/24/2012 12:00:00 AM"
"St Louis","MO","Lilac","10309","63137","52","0","Full, Partially Finished, Rec/Family Area","1.00","50","St Louis","Central-Electric","50","Cash","0","Gas","GSTL","24065.00","","Bank","24200.00","2/28/2012 12:00:00 AM","24200.00","Cash, Conventional","Sold","2/29/2012 12:25:17 PM","3.00","12/21/2011 12:00:00 AM"
"Bellefontaine Nghbrs","MO","Kelvin","9800","63137","55","0","Bathroom in LL, Fireplace in LL, Full, Partially Finished, Rec/Family Area","2.00","250","St Louis","Attic Fan, Ceiling Fan, Central-Electric","250","Cash","1","Gas","GSTL","29900.00","","Private","25000.00","12/16/2011 12:00:00 AM","25000.00","Cash, Conventional, FHA, VA","Sold","12/19/2011 12:00:00 AM","3.00","2/2/2011 12:00:00 AM"
"Bellefontaine Nghbrs","MO","Duluth","9725","63137","57","0","Full, Partially Finished, Poured Concrete","2.00","420","St Louis","Ceiling Fan, Central-Electric","420","Cash","1","Gas","GSTL","35000.00","","Private","25000.00","5/29/2012 12:00:00 AM","25000.00","Cash, Conventional","Sold","5/29/2012 6:45:07 PM","2.00","3/21/2011 12:00:00 AM"
"St Louis","MO","Bakewell","1048","63137","57","0","Full","1.00","51","St Louis","Ceiling Fan, Central-Electric","51","Cash","1","Gas","GSTL","29900.00","","Bank","25000.00","7/29/2011 12:00:00 AM","25000.00","Cash, Conventional","Sold","7/29/2011 12:00:00 AM","3.00","5/18/2011 12:00:00 AM"
"St Louis","MO","Habecking","113","63137","58","0","Full","2.00","27","St Louis","Central-Electric","27","Cash","2","Gas","GSTL","25000.00","","Bank","25000.00","8/29/2011 12:00:00 AM","25000.00","Cash, Conventional","Sold","9/1/2011 12:00:00 AM","3.00","7/6/2011 12:00:00 AM"
"St Louis","MO","Colony","9710","63137","57","0","Full, Partially Finished","2.00","9","St Louis","Central-Electric","9","Cash","1","Gas","GSTL","25500.00","","Government","25000.00","10/14/2011 12:00:00 AM","25000.00","Cash, Conventional","Sold","10/14/2011 12:00:00 AM","2.00","9/12/2011 12:00:00 AM"
"St Louis","MO","Delhi","9828","63137","58","0","Full","1.00","70","St Louis","Attic Fan, Central-Electric","15","Cash","2","Gas","GSTL","26900.00","","Bank","25000.00","11/8/2011 12:00:00 AM","25000.00","Cash, Conventional","Sold","11/9/2011 12:00:00 AM","2.00","9/22/2011 12:00:00 AM"
"St Louis","MO","Northampton","9926","63137","57","","Full, Walk-Out","1.00","13","St Louis","Central-Electric","13","Cash","1","Gas","GSTL","29900.00","","Private","25000.00","6/15/2012 12:00:00 AM","25000.00","Cash, Conventional","Sold","6/18/2012 12:57:32 PM","3.00","5/24/2012 12:00:00 AM"
"St Louis","MO","Coburg Lands","10149","63137","59","0","Full, Partially Finished","1.00","89","St Louis","Other","20","Cash","1","Other","GSTL","29000.00","","Government","25101.00","8/11/2011 12:00:00 AM","25101.00","Cash, Conventional","Sold","8/16/2011 12:00:00 AM","2.00","7/5/2011 12:00:00 AM"
"St Louis","MO","Durham","9725","63137","57","","","1.00","52","St Louis","Central-Electric","52","Cash","1","Gas","GSTL","26900.00","","Government","25500.00","3/27/2012 12:00:00 AM","25500.00","Cash, Conventional","Sold","4/9/2012 5:13:01 PM","3.00","1/16/2012 12:00:00 AM"
"St Louis","MO","Danville","1239","63137","59","","","1.00","15","St Louis","Central-Electric","15","Cash","1","Gas","GSTL","22900.00","","Bank","25501.00","3/28/2012 12:00:00 AM","25501.00","Cash","Sold","3/29/2012 12:01:38 PM","2.00","2/8/2012 12:00:00 AM"
"Bellefontaine Nghbrs","MO","Gleason","657","63137","55","0","Full, Partially Finished, Poured Concrete, Rec/Family Area","2.00","215","St Louis","Central-Electric","215","Cash","1","Gas","GSTL","35000.00","","Private","26000.00","7/13/2011 12:00:00 AM","26000.00","Cash, FHA","Sold","7/15/2011 12:00:00 AM","3.00","11/17/2010 12:00:00 AM"
"St Louis","MO","Admiral","1207","63137","58","0","Full, Partially Finished","2.00","35","St Louis","Central-Electric","35","Cash","1","Gas","GSTL","29900.00","","Government","26000.00","11/8/2011 12:00:00 AM","26000.00","Cash, Conventional","Sold","11/15/2011 12:00:00 AM","3.00","9/21/2011 12:00:00 AM"
"Bellefontaine Nghbrs","MO","Kilgore","1136","63137","60","0","8 ft + pour","2.00","351","St Louis","Central-Electric","351","Cash","1","Gas","GSTL","34500.00","","Private","26500.00","2/28/2012 12:00:00 AM","26500.00","Cash, Conventional, FHA","Sold","2/29/2012 12:08:12 PM","2.00","1/29/2011 12:00:00 AM"
"St Louis","MO","Laire","1234","63137","59","0","Full","1.00","21","St Louis","Central-Electric","21","Cash","1","Gas","GSTL","25000.00","","Bank","26651.00","8/26/2011 12:00:00 AM","26651.00","Cash, Conventional","Sold","9/6/2011 12:00:00 AM","3.00","7/13/2011 12:00:00 AM"
"Bellefontaine Nghbrs","MO","Ashford","1171","63137","59","0","Full","1.00","168","St Louis","Central-Electric","168","Cash","1","Electric","GSTL","39900.00","","Private","27000.00","4/19/2012 12:00:00 AM","27000.00","Cash, Conventional, FHA, VA","Sold","4/19/2012 11:39:01 AM","2.00","10/10/2011 12:00:00 AM"
"Bellefontaine Nghbrs","MO","Mead","1200","63137","56","0","8 ft + pour, Full, Partially Finished, Rec/Family Area","2.00","176","St Louis","Central-Electric","176","Cash","1","Gas","GSTL","35500.00","","Private","28000.00","8/25/2011 12:00:00 AM","28000.00","Cash, Conventional, FHA","Sold","10/18/2011 12:00:00 AM","2.00","11/29/2010 12:00:00 AM"
"Bellefontaine Nghbrs","MO","Topaz Ave","515","63137","52","0","Full, Partially Finished","1.00","80","St Louis","Central-Electric","80","Cash","2","Gas","GSTL","29900.00","","Government","29000.00","1/27/2012 12:00:00 AM","29000.00","Cash, Conventional","Sold","1/27/2012 11:13:31 AM","3.00","10/17/2011 12:00:00 AM"
"St Louis","MO","Mead","1209","63137","57","0","Bathroom in LL, 8 ft + pour, Poured Concrete","2.00","35","St Louis","Central-Electric","35","Cash","2","Gas","GSTL","34900.00","","Bank","32000.00","8/8/2011 12:00:00 AM","32000.00","Cash, Conventional, FHA, Specl Fincg Call Agt","Sold","8/9/2011 12:00:00 AM","2.00","6/8/2011 12:00:00 AM"
"St Louis","MO","Addison","1108","63137","59","0","Full, Partially Finished, Roughed-In Bath","1.00","175","St Louis","Central-Electric","45","FHA","1","Gas","GSTL","39900.00","","Government","35000.00","7/6/2011 12:00:00 AM","35000.00","Cash, Conventional","Sold","7/6/2011 12:00:00 AM","3.00","3/7/2011 12:00:00 AM"
"Bellefontaine Nghbrs","MO","Griffin","9615","63137","57","0","Full, Storage/Locker","1.00","247","St Louis","Attic Fan, Central-Electric","247","Cash","1","Gas","GSTL","49900.00","","Private","35000.00","3/8/2012 12:00:00 AM","35000.00","Cash, Conventional, FHA, Government, Seller May Pay SmCls, VA","Sold","3/19/2012 3:37:23 PM","2.00","6/4/2011 12:00:00 AM"
"St Louis","MO","Science Hill","721","63137","55","0","Full, Rec/Family Area","1.00","269","St Louis","Central-Electric","184","Cash","1","Gas","GSTL","37900.00","","Private","35000.00","2/14/2012 12:00:00 AM","35000.00","Cash, Conventional, FHA","Sold","2/15/2012 12:09:28 PM","3.00","8/8/2011 12:00:00 AM"
"Bellefontaine Nghbrs","MO","Colony","9729","63137","58","0","Bathroom in LL, 8 ft + pour, Full, Partially Finished, Poured Concrete","2.00","172","St Louis","Attic Fan, Central-Electric","172","Conventional","2","Gas","GSTL","38000.00","","Private","35500.00","1/24/2012 12:00:00 AM","35500.00","Cash, Conventional, FHA","Sold","1/25/2012 11:30:15 AM","2.00","7/18/2011 12:00:00 AM"
"St Louis","MO","Font","815","63137","51","0","Full, Partially Finished, Poured Concrete, Rec/Family Area, Sump Pit/Pump","2.00","112","St Louis","Central-Electric","112","Other","2","Gas","GSTL","55000.00","","Private","45000.00","10/3/2011 12:00:00 AM","45000.00","Cash, Conventional, FHA","Sold","10/5/2011 12:00:00 AM","3.00","6/9/2011 12:00:00 AM"
"Bellefontaine Nghbrs","MO","Nelan","9337","63137","57","","Full","1.00","143","St Louis","Other","13","FHA","1","Gas","GSTL","50000.00","","Private","45000.00","5/3/2012 12:00:00 AM","45000.00","FHA","Sold","5/4/2012 12:58:10 AM","3.00","3/28/2012 12:00:00 AM"
"St Louis","MO","Lochiel","9952","63137","18","","","2.00","7","St Louis","Central-Electric","7","Cash","2","Gas","GSTL","34900.00","","Bank","48500.00","4/13/2012 12:00:00 AM","48500.00","Cash","Sold","4/17/2012 9:39:19 AM","3.00","3/26/2012 12:00:00 AM"
"Bellefontaine Nghbrs","MO","Lebon","940","63137","58","0","Full, Partially Finished","1.00","167","St Louis","Ceiling Fan","167","FHA","1","Gas","GSTL","50000.00","","Private","50000.00","2/15/2012 12:00:00 AM","50000.00","Cash, Conventional, FHA, VA","Sold","2/16/2012 3:21:38 PM","3.00","8/28/2011 12:00:00 AM"
"Bellefontaine Nghbrs","MO","Alcove","516","63137","54","0","Full","1.00","604","St Louis","Ceiling Fan, Central-Electric, 14 SEER+","71","FHA","1","Gas","GSTL","64900.00","","Private","64900.00","11/28/2011 12:00:00 AM","64900.00","Conventional, FHA, Specl Fincg Call Agt, VA","Sold","11/29/2011 12:00:00 AM","3.00","7/25/2011 12:00:00 AM"
"Bellefontaine Nghbrs","MO","Shepley","1211","63137","51","","Full, Partially Finished, Rec/Family Area","2.00","55","St Louis","Central-Electric","55","FHA","1","Gas","GSTL","64900.00","","Private","64900.00","3/16/2012 12:00:00 AM","64900.00","Cash, Conventional, FHA, VA","Sold","3/19/2012 11:32:08 AM","3.00","1/17/2012 12:00:00 AM"
"Bellefontaine Nghbrs","MO","Seaton","10300","63137","57","0","Full","1.00","3","St Louis","Central-Electric","3","FHA","1","Gas","GSTL","79900.00","","Private","75000.00","1/27/2012 12:00:00 AM","75000.00","Cash, Conventional, FHA","Sold","3/13/2012 12:08:33 PM","3.00","1/5/2012 12:00:00 AM"
"Bellefontaine Nghbrs","MO","Cadora","905","63137","49","0","Full, Partially Finished, Rec/Family Area, Sleeping Area, Walk-Out","2.00","222","St Louis","Ceiling Fan, Central-Gas","75","FHA","2","Gas","GSTL","84900.00","","Private","80000.00","7/13/2011 12:00:00 AM","80000.00","Cash, Conventional, FHA, VA","Sold","7/19/2011 12:00:00 AM","3.00","4/8/2011 12:00:00 AM"
"St Louis","MO","Delhi","9807","63137","58","0","Full","2.00","85","St Louis","Ceiling Fan, Central-Electric","85","FHA","1","Gas","GSTL","85000.00","","Private","85000.00","11/3/2011 12:00:00 AM","85000.00","Cash, Conventional, FHA, VA","Sold","11/9/2011 12:00:00 AM","3.00","8/9/2011 12:00:00 AM"
"Bellefontaine Nghbrs","MO","Bellefontaine","9821","63137","59","0","Full","2.00","130","St Louis","Central-Electric","38","FHA","2","Gas","GSTL","105000.00","","Private","92500.00","8/1/2011 12:00:00 AM","92500.00","Cash, Conventional, FHA","Sold","8/4/2011 12:00:00 AM","3.00","6/1/2011 12:00:00 AM"
"Bellefontaine Nghbrs","MO","Elba","10067","63137","32","0","Full","3.00","244","St Louis","Ceiling Fan, Central-Electric","244","FHA","2","Gas","GSTL","99900.00","","Private","97000.00","2/24/2012 12:00:00 AM","97000.00","Cash, Conventional, FHA, VA","Sold","2/26/2012 12:42:47 PM","4.00","5/2/2011 12:00:00 AM"
"Bellefontaine Nghbrs","MO","Biritz","1","63137","48","","Full, Rec/Family Area","3.00","256","St Louis","Central-Electric","76","FHA","2","Gas","GSTL","132900.00","","Private","126500.00","5/11/2012 12:00:00 AM","126500.00","Cash, Conventional, FHA, VA","Sold","5/23/2012 7:49:52 AM","4.00","1/16/2012 12:00:00 AM"
